x - $F_{\mathrm{YSL}}$=0.1425µN,y - $F_{\mathrm{YSL}}$=0.1425µN,x - $F_{\mathrm{YSL}}$=0.285µN,y - $F_{\mathrm{YSL}}$=0.285µN,x - $F_{\mathrm{YSL}}$=0.57µN,y - $F_{\mathrm{YSL}}$=0.57µN,x - $F_{\mathrm{YSL}}$=1.14µN,y - $F_{\mathrm{YSL}}$=1.14µN
-2.0,0.046107887147936094,-2.0,0.07567976269676571,-2.0,0.1348614474580952,-2.0,0.25351088408140077
-1.8966666666666,0.056180094826158496,-1.8966666666666,0.0961950393916439,-1.8966666666666,0.1767906909829943,-1.8966666666666,0.3460460711804382
-1.7933333333331838,0.05953628045007498,-1.7933333333331838,0.10690464649061672,-1.7933333333331838,0.2082162589926576,-1.7933333333331838,0.43969401037385514
-1.6899999999997677,0.06201404605219531,-1.6899999999997677,0.1173740595988377,-1.6899999999997677,0.24578367340410068,-1.6899999999997677,0.551612964308132
-1.5866666666663516,0.06470182566196821,-1.5866666666663516,0.13049551926023203,-1.5866666666663516,0.29329403060880005,-1.5866666666663516,0.6895155284916833
-1.4833333333329353,0.06844867843737905,-1.4833333333329353,0.14772769567317298,-1.4833333333329353,0.3493953470628776,-1.4833333333329353,0.8517466517252253
-1.3799999999996115,0.07371478137972061,-1.3799999999996115,0.16932653498425276,-1.3799999999996115,0.4114850166444087,-1.3799999999996115,1.0250250245800996
-1.276666666666448,0.08063805581193088,-1.276666666666448,0.19467433001202716,-1.276666666666448,0.47865397953411803,-1.276666666666448,1.2049636007023345
-1.1733333333332845,0.0891961487534249,-1.1733333333332845,0.22294530580036348,-1.1733333333332845,0.5532277531910945,-1.1733333333332845,1.3903817667198213
-1.0700000000001209,0.09919354974328717,-1.0700000000001209,0.25341068438461345,-1.0700000000001209,0.6353468092108093,-1.0700000000001209,1.5807488200688
-0.9666666666669572,0.11045943306188175,-0.9666666666669572,0.28558902191037466,-0.9666666666669572,0.7227769693588464,-0.9666666666669572,1.7757430829027379
-0.8633333333337938,0.12281605790929746,-0.8633333333337938,0.3190633587120216,-0.8633333333337938,0.8130303744265345,-0.8633333333337938,1.9762953076052658
-0.7600000000006302,0.1361144348401724,-0.7600000000006302,0.353568368570939,-0.7600000000006302,0.9050361679781322,-0.7600000000006302,2.183125354183413
-0.6566666666674665,0.1502412376078309,-0.6566666666674665,0.3888969850383557,-0.6566666666674665,0.9984399619186246,-0.6566666666674665,2.3942690557396804
-0.5533333333343029,0.16509682954766242,-0.5533333333343029,0.42517441816173185,-0.5533333333343029,1.0931100264974092,-0.5533333333343029,2.608686440339912
-0.4500000000011395,0.18055778620160043,-0.4500000000011395,0.46292091828175763,-0.4500000000011395,1.1889680850985223,-0.4500000000011395,2.826254106252547
-0.34666666666797585,0.19655196049645593,-0.34666666666797585,0.5024474668101334,-0.34666666666797585,1.2859801860043838,-0.34666666666797585,3.0467394143291204
-0.24333333333481222,0.2130278446624431,-0.24333333333481222,0.5438673372361134,-0.24333333333481222,1.3841143687274338,-0.24333333333481222,3.2705582845837338
-0.1400000000016488,0.22995357874940892,-0.1400000000016488,0.5868876518168921,-0.1400000000016488,1.483515875885864,-0.1400000000016488,3.4961671110252306
-0.03666666666848517,0.24725563058324795,-0.03666666666848517,0.6310526495501007,-0.03666666666848517,1.5835772438996611,-0.03666666666848517,3.7246971808783584
0.06666666666467824,0.2648643141183223,0.06666666666467824,0.6758790488344133,0.06666666666467824,1.6843037464428339,0.06666666666467824,3.9553504305496414
0.1699999999978421,0.28274165712596494,0.1699999999978421,0.7211623095267801,0.1699999999978421,1.7859123402670312,0.1699999999978421,4.187124257395585
0.2733333333310055,0.30082773109667305,0.2733333333310055,0.7666710733664474,0.2733333333310055,1.889571385093844,0.2733333333310055,4.419625550693125
0.3766666666641689,0.3190574197529104,0.3766666666641689,0.8123088407027034,0.3766666666641689,1.9929777403392976,0.3766666666641689,4.653113175504555
0.4799999999973328,0.3374040157287059,0.4799999999973328,0.8581907435572134,0.4799999999973328,2.098086251473084,0.4799999999973328,4.887020245834364
0.5833333333304962,0.35584393511273993,0.5833333333304962,0.905277530034755,0.5833333333304962,2.2048316942498376,0.5833333333304962,5.120549832891913
0.6866666666636596,0.3743660303196667,0.6866666666636596,0.9509902403962986,0.6866666666636596,2.3118762889229942,0.6866666666636596,5.35421514498723
0.7899999999968235,0.39295684515739204,0.7899999999968235,0.9966845589895617,0.7899999999968235,2.420837647838934,0.7899999999968235,5.588325770092854
0.8933333333299869,0.41161456746099045,0.8933333333299869,1.0424270062314123,0.8933333333299869,2.528748072407302,0.8933333333299869,5.820689916008486
0.9966666666631503,0.43033889453082524,0.9966666666631503,1.0881290399909955,0.9966666666631503,2.6371507112385575,0.9966666666631503,6.0518606812682965
1.0999999999963141,0.4491406628556678,1.0999999999963141,1.1338608440021785,1.0999999999963141,2.746059810613611,1.0999999999963141,6.28170278805062
1.2033333333294776,0.4686680419856317,1.2033333333294776,1.1801962456358908,1.2033333333294776,2.8583336502442065,1.2033333333294776,6.510037108125241
1.306666666662641,0.4876309517509976,1.306666666662641,1.2255823472487344,1.306666666662641,2.969207981657946,1.306666666662641,6.738728253431811
1.4099999999958048,0.5066996458708654,1.4099999999958048,1.2710292374834835,1.4099999999958048,3.080965928217815,1.4099999999958048,6.963838189968564
1.5133333333289682,0.5258487086629985,1.5133333333289682,1.3163606722108647,1.5133333333289682,3.193099389054232,1.5133333333289682,7.186913005111325
1.6166666666621317,0.5451397973029225,1.6166666666621317,1.3622662417502545,1.6166666666621317,3.305769668181452,1.6166666666621317,7.407208630529415
1.7199999999952955,0.5644697361811245,1.7199999999952955,1.4117345147945004,1.7199999999952955,3.41756392852841,1.7199999999952955,7.625044223221932
1.823333333328459,0.5831540853298611,1.823333333328459,1.4568550236806455,1.823333333328459,3.5301268805559847,1.823333333328459,7.840324117599922
1.9266666666616223,0.6018329358226442,1.9266666666616223,1.5017927468573629,1.9266666666616223,3.6412581412877048,1.9266666666616223,8.052964191797901
2.0299999999951233,0.6203884213213845,2.0299999999951233,1.5478742782584063,2.0299999999951233,3.753153600084862,2.0299999999951233,8.258205330654361
2.133333333329297,0.6386862420598403,2.133333333329297,1.593009148342505,2.133333333329297,3.863276913148681,2.133333333329297,8.467898858057007
2.2366666666634716,0.6570615904903984,2.2366666666634716,1.637378219829898,2.2366666666634716,3.9731183064545337,2.2366666666634716,8.672072238442793
2.3399999999976453,0.6749536162208455,2.3399999999976453,1.6838295551354185,2.3399999999976453,4.082587362809536,2.3399999999976453,8.87308931679704
2.44333333333182,0.6924121124282584,2.44333333333182,1.730204332886075,2.44333333333182,4.1926306122671395,2.44333333333182,9.070963029765215
2.5466666666659936,0.7094042286510179,2.5466666666659936,1.775149211267938,2.5466666666659936,4.3030020233342,2.5466666666659936,9.265701933534848
2.6500000000001673,0.7261973132726645,2.6500000000001673,1.819999290903549,2.6500000000001673,4.414880935763334,2.6500000000001673,9.457263017898578
2.753333333334342,0.7423616616244637,2.753333333334342,1.8663665109087872,2.753333333334342,4.5262115787562855,2.753333333334342,9.645547290158785
2.8566666666685157,0.7583507267733343,2.8566666666685157,1.9104787048014293,2.8566666666685157,4.6367566089438865,2.8566666666685157,9.830602366234197
2.9600000000026903,0.7747106633598542,2.9600000000026903,1.955394910355919,2.9600000000026903,4.747128880781681,2.9600000000026903,10.012408783784345
3.063333333336864,0.789881781513621,3.063333333336864,2.003348861225675,3.063333333336864,4.854129419572337,3.063333333336864,10.190971895017302
3.1666666666710386,0.8051168263686065,3.1666666666710386,2.0507543272022186,3.1666666666710386,4.960076532505399,3.1666666666710386,10.366307061485513
3.2700000000052123,0.8218636478047113,3.2700000000052123,2.09713648904111,3.2700000000052123,5.065203170977358,3.2700000000052123,10.538433859065208
3.373333333339387,0.8364848714788682,3.373333333339387,2.1415541405246077,3.373333333339387,5.172819077217909,3.373333333339387,10.707377695619066
3.4766666666735606,0.8505469046183882,3.4766666666735606,2.1858021357537334,3.4766666666735606,5.276335740205185,3.4766666666735606,10.873169512557224
3.5800000000077343,0.8643756980517201,3.5800000000077343,2.227876432058101,3.5800000000077343,5.379701673372417,3.5800000000077343,11.035845249382374
3.683333333341909,0.8800067895607467,3.683333333341909,2.270640220030994,3.683333333341909,5.481817368770198,3.683333333341909,11.19544530396651
3.7866666666760826,0.8934345560854867,3.7866666666760826,2.314352890233884,3.7866666666760826,5.585315612795638,3.7866666666760826,11.352014018652666
3.8900000000102573,0.9076568747003508,3.8900000000102573,2.358906980173988,3.8900000000102573,5.68366172626173,3.8900000000102573,11.505599195579242
3.993333333344431,0.9210712244356025,3.993333333344431,2.4000177998981127,3.993333333344431,5.782025804358033,3.993333333344431,11.656251640951995
4.096666666678606,0.9336206873846531,4.096666666678606,2.4427574243836854,4.096666666678606,5.8793683008082045,4.096666666678606,11.804024737422338
4.200000000012779,0.949706043167153,4.200000000012779,2.4834671040812375,4.200000000012779,5.975609999996208,4.200000000012779,11.94897477630057
4.303333333346954,0.9623544798919917,4.303333333346954,2.5238870943460423,4.303333333346954,6.070706862927185,4.303333333346954,12.091157999148436
4.406666666681128,0.9739537836415473,4.406666666681128,2.566001713446576,4.406666666681128,6.1647905953437165,4.406666666681128,12.23063208816073
4.510000000015301,0.9883748178960665,4.510000000015301,2.608241266896648,4.510000000015301,6.2577477211842245,4.510000000015301,12.36745850592904
4.613333333349476,1.0022998696027898,4.613333333349476,2.6444178391712736,4.613333333349476,6.349430397367365,4.613333333349476,12.501698137839602
4.71666666668365,1.0157863790715294,4.71666666668365,2.6895879017432227,4.71666666668365,6.440177525297768,4.71666666668365,12.633412326227662
4.820000000017824,1.0289539141041029,4.820000000017824,2.7292447127016204,4.820000000017824,6.531269258089389,4.820000000017824,12.76266272315899
4.923333333351998,1.0420427781849522,4.923333333351998,2.764306171703363,4.923333333351998,6.620515645399558,4.923333333351998,12.889514412965497
5.026666666686173,1.0568571927720765,5.026666666686173,2.7959665616033584,5.026666666686173,6.709639469701935,5.026666666686173,13.014030215720952
5.130000000020346,1.0676041574154256,5.130000000020346,2.831140039061771,5.130000000020346,6.794959908692353,5.130000000020346,13.136270104167572
5.233333333354521,1.0757956967813342,5.233333333354521,2.871157063949819,5.233333333354521,6.87999018730892,5.233333333354521,13.256294781896148
5.336666666688695,1.0900522852561907,5.336666666688695,2.9095859570424816,5.336666666688695,6.95900545789186,5.336666666688695,13.374164740982751
5.440000000022868,1.1022021852866062,5.440000000022868,2.947631550104661,5.440000000022868,7.0475233799290455,5.440000000022868,13.489938955410416
5.543333333357043,1.1122677855012746,5.543333333357043,2.9763634894147093,5.543333333357043,7.129541527520311,5.543333333357043,13.60367701913145
5.646666666691217,1.12611144916209,5.646666666691217,3.012164648191676,5.646666666691217,7.212250427041225,5.646666666691217,13.715436337122403
5.750000000025391,1.1374138234673477,5.750000000025391,3.0553631898995186,5.750000000025391,7.293521479509983,5.750000000025391,13.82527377522875
5.853333333359565,1.1461542035448307,5.853333333359565,3.086593961097696,5.853333333359565,7.373467864426693,5.853333333359565,13.933244886862013
5.95666666669374,1.1598943247263809,5.95666666669374,3.1114632364837282,5.95666666669374,7.451858402745868,5.95666666669374,14.039403942558907
6.060000000027914,1.1782465922125551,6.060000000027914,3.141547060611806,6.060000000027914,7.531223184703162,6.060000000027914,14.143803890163577
6.163333333362088,1.1903392766290957,6.163333333362088,3.1558600311568643,6.163333333362088,7.606974705233589,6.163333333362088,14.246496308737871
6.266666666696262,1.1988583397640202,6.266666666696262,3.2064459508470047,6.266666666696262,7.682280835460648,6.266666666696262,14.347531373012327
6.370000000030435,1.2144010959625864,6.370000000030435,3.2380298225667974,6.370000000030435,7.756616488051511,6.370000000030435,14.446957828956204
6.473333333364609,1.2312428750422701,6.473333333364609,3.2641630275261826,6.473333333364609,7.830362025169507,6.473333333364609,14.544822980367076
6.5766666666987845,1.2412852734029614,6.5766666666987845,3.2924420585477496,6.5766666666987845,7.904762074593261,6.5766666666987845,14.641172686084067
6.680000000032958,1.2639484104282277,6.680000000032958,3.3191041130414494,6.680000000032958,7.975434278368875,6.680000000032958,14.736051367119423
6.783333333367132,1.2691354982228624,6.783333333367132,3.342760962588556,6.783333333367132,8.045651997293124,6.783333333367132,14.829502022712976
6.886666666701306,1.2899389407411304,6.886666666701306,3.3750758943203416,6.886666666701306,8.115034843038028,6.886666666701306,14.921566254023535
6.990000000035481,1.319627146685112,6.990000000035481,3.3963947187253436,6.990000000035481,8.18346653316378,6.990000000035481,15.01228631900924
7.093333333369655,1.322338218557101,7.093333333369655,3.4222361732576725,7.093333333369655,8.250978651686578,7.093333333369655,15.101702828838812
7.196666666703829,1.360805057430733,7.196666666703829,3.4422541725154105,7.196666666703829,8.319155107924688,7.196666666703829,15.189851857536233
7.300000000038002,1.3534490700139972,7.300000000038002,3.4651341944452345,7.300000000038002,8.386097260156829,7.300000000038002,15.276769614746302
7.403333333372176,1.378400070370126,7.403333333372176,3.4774164779774384,7.403333333372176,8.45045765964014,7.403333333372176,15.362491428472158
7.5066666667063515,1.363457500625651,7.5066666667063515,3.4958802153602435,7.5066666667063515,8.514551724053211,7.5066666667063515,15.447051467437635
7.610000000040525,1.408694644405506,7.610000000040525,3.5124029298979096,7.610000000040525,8.577954851528615,7.610000000040525,15.530482770488668
7.713333333374699,1.3952494988581405,7.713333333374699,3.5319909701397365,7.713333333374699,8.64049071690114,7.713333333374699,15.612817280817705
7.816666666708873,1.4300664012886406,7.816666666708873,3.548124855667599,7.816666666708873,8.702208869346169,7.816666666708873,15.694085879077452
7.920000000043048,1.4379847466437936,7.920000000043048,3.556854820659803,7.920000000043048,8.763132883033428,7.920000000043048,15.774318414517616
8.023333333377222,1.4589025993309575,8.023333333377222,3.5696666122873366,8.023333333377222,8.823275978294065,8.023333333377222,15.853543734045264
8.126666666711396,1.53690167228947,8.126666666711396,3.5802417214387603,8.126666666711396,8.882647956021419,8.126666666711396,15.931789709336464
8.23000000004557,1.5415746674586657,8.23000000004557,3.5849968036722206,8.23000000004557,8.94126610672639,8.23000000004557,16.009083448638325
8.333333333379743,1.5226164966879334,8.333333333379743,3.5996872190108693,8.333333333379743,8.999147185171081,8.333333333379743,16.08545167220523
8.436666666713919,1.5134602874146827,8.436666666713919,3.6050054586645355,8.436666666713919,9.056303353537158,8.436666666713919,16.160920048267702
8.540000000048092,1.5107562514287478,8.540000000048092,3.606612374473945,8.540000000048092,9.112749995381586,8.540000000048092,16.235512431950692
8.643333333382266,1.511915866518562,8.643333333382266,3.615072077243577,8.643333333382266,9.168499959927884,8.643333333382266,16.309251874607583
,,8.74666666671644,3.6151619029820963,8.74666666671644,9.223569640714537,8.74666666671644,16.38216094207889
,,8.850000000050615,3.660323007375165,8.850000000050615,9.277971839443355,8.850000000050615,16.45426139428769
,,8.953333333384789,3.676781124123316,8.953333333384789,9.331717841137602,8.953333333384789,16.525574204978774
