 ,Area,Mean,X,Y,Perim.,Major,Minor,Angle,Feret,FeretX,FeretY,FeretAngle,MinFeret
1,956.876,25.032,331.158,37.338,123.686,38.307,31.804,104.477,41.324,262,17,130.236,32.431
2,1030.481,24.293,300.772,38.268,135.575,46.225,28.384,139.673,49.523,228,25,149.036,31.448
3,1404.399,24.364,251.377,42.706,152.023,49.959,35.792,35.405,53.178,188,45,27.150,37.016
4,793.471,24.773,215.747,42.850,114.690,38.205,26.444,54.425,42.118,164,49,41.496,27.646
5,771.389,24.598,362.413,46.184,109.837,33.281,29.512,140.902,36.981,288,27,138.991,30.929
6,736.058,22.903,285.809,56.060,112.781,38.019,24.650,139.020,39.502,220,44,169.380,24.022
7,852.355,19.122,458.577,54.348,119.594,38.385,28.273,122.260,40.786,365,32,120.379,30.124
8,806.720,23.434,432.921,62.485,121.432,38.113,26.950,139.958,42.742,343,39,145.408,27.930
9,762.556,21.191,162.654,62.788,112.314,38.230,25.396,16.544,41.890,118,55,10.008,27.130
10,1112.920,22.836,340.684,69.094,141.017,46.660,30.369,176.754,51.476,260,50,171.870,33.642
11,719.865,25.978,267.341,70.907,117.756,39.521,23.191,155.101,43.307,201,58,168.690,26.936
12,998.095,20.233,483.312,76.326,127.463,38.093,33.361,111.531,42.118,394,45,101.634,33.560
13,1171.805,23.589,220.909,73.401,136.702,43.738,34.112,8.106,46.042,165,50,161.565,35.369
14,786.110,25.655,382.519,76.454,116.284,41.110,24.347,116.678,42.466,305,51,126.870,26.317
15,959.820,24.784,410.664,78.115,128.417,40.311,30.316,132.598,45.544,323,53,138.240,31.778
16,864.132,23.230,184.147,77.452,121.554,40.198,27.371,25.411,45.138,134,72,36.254,30.268
17,610.928,24.561,304.814,75.940,101.603,32.811,23.708,29.012,34.510,236,67,10.125,22.810
18,529.962,20.924,143.824,84.686,95.866,33.741,19.999,20.006,35.374,105,76,22.166,20.335
19,715.449,25.922,361.324,91.255,107.755,31.484,28.934,172.535,35.519,283,73,172.147,28.952
20,978.957,26.587,449.098,90.329,127.290,40.820,30.535,177.925,42.742,352,78,6.520,31.846
21,506.408,26.420,257.257,87.393,89.591,31.592,20.409,144.039,32.307,201,63,145.713,20.591
22,1198.303,25.128,322.695,100.736,135.453,42.246,36.115,61.360,44.958,265,65,93.094,36.642
23,741.947,29.783,239.448,100.608,112.730,36.076,26.186,139.380,37.691,183,77,146.821,28.862
24,973.069,29.846,288.724,102.844,128.001,39.964,31.002,103.375,41.537,232,102,83.290,32.538
25,1020.177,23.802,503.611,110.032,132.560,45.848,28.331,96.018,48.075,408,110,79.824,29.200
26,875.909,22.332,150.056,106.513,119.838,38.441,29.012,39.164,42.466,109,96,36.870,30.289
27,828.802,28.096,205.440,104.624,114.274,35.673,29.582,51.174,40.551,156,98,38.928,30.886
28,593.263,25.331,178.752,103.365,98.659,27.886,27.087,98.600,33.733,138,75,127.694,25.479
29,1018.705,22.877,477.375,114.458,134.276,44.275,29.295,106.337,48.835,388,75,116.565,29.133
30,612.400,21.997,119.450,107.267,98.120,32.389,24.074,54.264,35.684,88,101,54.689,25.479
31,540.267,29.453,410.933,105.044,94.983,29.262,23.508,165.948,31.076,329,77,128.660,22.724
32,609.456,26.028,384.343,108.348,101.136,31.085,24.964,173.219,33.842,302,89,165.466,24.852
33,335.643,30.070,266.837,109.091,75.570,21.253,20.108,134.670,23.307,212,85,141.340,21.840
34,1282.213,30.416,347.844,122.633,147.708,44.722,36.505,40.999,48.970,272,117,41.987,39.707
35,1167.388,28.004,441.697,119.535,148.713,42.945,34.611,159.151,50.026,352,81,140.906,36.931
36,833.218,16.625,533.751,119.663,119.127,41.281,25.699,138.555,46.456,428,84,130.764,27.930
37,875.909,30.625,226.058,125.869,120.305,34.915,31.942,39.839,38.617,178,119,43.727,32.602
38,877.381,27.106,171.245,131.913,115.817,34.671,32.221,84.854,38.693,132,122,48.814,31.546
39,1077.589,32.909,260.248,133.368,129.595,39.296,34.915,17.329,42.604,198,114,19.983,36.190
40,1195.359,30.709,306.330,135.149,143.738,45.155,33.706,159.569,50.275,232,103,160.253,36.033
41,562.348,23.813,121.556,132.740,112.436,32.743,21.868,74.519,41.502,99,129,74.745,25.234
42,744.891,28.463,412.400,131.562,111.431,37.631,25.203,146.631,39.128,327,99,150.255,27.139
43,597.679,26.408,380.817,130.664,97.531,32.500,23.415,176.464,33.139,301,114,23.749,22.412
44,633.010,34.061,198.545,135.569,105.400,29.741,27.100,125.364,35.270,155,100,139.185,28.941
45,1089.366,25.934,141.582,144.810,138.418,44.496,31.172,70.156,47.257,108,136,60.803,32.400
46,610.928,22.901,98.706,142.479,118.000,32.399,24.009,22.194,37.671,68,121,165.069,28.578
47,669.813,25.231,517.255,143.734,116.040,38.291,22.273,132.849,41.413,409,111,148.173,24.022
48,605.040,28.696,457.714,144.314,99.003,28.450,27.078,4.489,32.669,362,115,148.671,27.906
49,295.895,24.340,537.927,142.467,71.428,20.779,18.131,145.550,24.568,434,110,159.775,19.128
50,821.441,30.449,482.734,151.613,114.690,37.399,27.966,80.529,38.769,394,141,69.864,28.271
51,865.604,32.519,281.087,155.380,122.782,36.150,30.487,26.520,42.483,214,128,178.363,29.756
52,1079.061,27.419,233.183,158.342,133.149,38.085,36.074,83.027,42.065,179,119,123.232,37.899
53,923.017,31.605,435.250,160.016,120.477,37.585,31.268,109.698,42.897,356,115,98.130,31.453
54,513.769,25.804,507.846,159.404,100.009,33.935,19.277,133.277,40.405,410,115,131.348,19.733
55,899.463,31.782,349.134,155.976,122.265,37.105,30.865,125.452,41.324,273,118,139.764,33.642
56,821.441,34.740,379.009,156.412,114.934,33.218,31.486,132.851,40.332,302,116,133.781,29.949
57,603.568,34.169,405.414,155.620,97.115,29.696,25.878,100.002,32.647,326,116,131.987,24.266
58,622.705,18.731,558.103,160.144,101.724,37.711,21.024,122.761,38.079,453,118,120.651,20.977
59,853.828,26.386,202.206,163.799,122.143,36.410,29.858,118.879,40.677,166,153,72.646,32.087
60,1071.701,35.910,320.987,169.943,134.276,41.578,32.819,86.162,45.040,253,155,62.745,34.918
61,815.552,26.852,167.719,163.674,112.852,37.240,27.884,45.472,40.768,131,150,53.471,28.118
62,765.501,20.793,97.433,166.398,114.863,37.654,25.885,41.748,39.670,67,142,23.429,28.527
63,432.802,27.078,539.749,166.702,91.013,29.238,18.847,144.914,31.546,433,136,157.380,22.254
64,606.512,29.154,257.913,172.999,101.724,28.498,27.098,178.453,33.117,199,149,8.427,27.906
65,771.389,26.414,116.723,179.558,116.873,40.933,23.995,74.820,42.379,92,164,76.759,27.390
66,928.905,32.124,460.222,178.223,125.452,36.770,32.165,44.760,41.056,362,153,18.970,33.115
67,730.170,33.888,291.957,178.831,113.563,34.586,26.880,33.957,39.502,227,156,47.490,28.267
68,718.393,33.090,141.656,179.980,106.111,30.931,29.571,105.478,35.436,105,159,51.953,29.119
69,562.348,25.754,494.007,180.796,99.003,32.157,22.266,111.634,34.318,395,142,135.000,24.023
70,462.245,33.405,186.989,181.169,87.754,29.666,19.839,135.477,31.546,151,137,112.620,19.733
71,1165.916,30.678,416.085,186.724,135.575,40.675,36.496,161.883,44.165,327,143,159.075,38.687
72,1146.779,37.943,378.802,187.137,134.398,44.432,32.862,153.584,48.487,294,145,148.299,34.593
73,627.122,27.994,516.613,187.969,105.816,35.466,22.514,107.270,40.058,417,142,125.134,22.993
74,587.374,28.315,538.160,187.842,108.832,29.499,25.352,115.644,36.901,432,141,133.668,26.051
75,490.215,34.290,343.608,185.729,87.997,27.776,22.471,55.424,29.346,272,158,29.745,23.053
76,996.623,31.812,221.965,192.232,126.163,37.740,33.624,11.862,43.000,165,160,16.390,35.692
77,365.085,25.129,76.213,190.851,90.597,28.824,16.127,53.761,32.669,56,171,58.671,16.664
78,463.717,34.006,481.466,196.581,91.013,28.617,20.632,109.533,33.383,394,146,109.093,21.537
79,831.746,20.010,566.008,196.027,122.265,41.451,25.548,114.944,45.138,458,146,126.254,26.765
80,1313.128,31.045,170.765,203.813,151.729,44.051,37.954,108.334,50.509,131,151,114.102,40.700
81,1029.009,34.317,253.955,201.035,136.997,41.668,31.443,41.151,47.116,202,184,55.491,34.915
82,970.125,26.507,92.601,205.501,126.752,39.134,31.563,70.548,42.379,74,187,76.759,32.545
83,853.828,31.719,457.082,207.925,130.133,42.341,25.675,132.802,49.270,362,154,127.999,30.163
84,1086.422,33.081,314.740,207.076,131.138,40.977,33.757,42.483,45.608,244,182,28.610,35.166
85,634.482,35.568,285.410,205.326,102.557,31.981,25.260,115.304,35.849,227,157,113.962,26.487
86,450.468,39.551,358.350,204.220,84.616,24.742,23.181,147.072,28.142,284,165,172.569,21.448
87,945.099,34.431,137.125,211.582,124.691,38.945,30.898,86.369,42.880,108,193,64.885,30.223
88,931.850,37.566,199.396,217.835,126.163,40.220,29.500,74.073,43.085,162,161,99.728,28.199
89,590.319,35.999,434.339,213.374,97.288,30.664,24.511,106.592,33.558,359,161,102.529,24.424
90,593.263,33.297,504.723,212.725,101.724,31.849,23.717,95.716,34.059,414,190,85.914,26.430
91,391.583,25.831,544.684,210.728,80.718,23.062,21.619,100.449,26.135,446,184,68.199,21.162
92,549.099,29.766,113.708,217.948,99.836,32.254,21.676,79.533,34.339,84,189,57.995,25.009
93,934.794,32.213,339.779,223.487,128.295,38.116,31.226,74.765,42.673,274,199,75.174,33.342
94,678.646,35.938,409.239,219.502,106.111,35.494,24.344,100.631,36.961,329,167,113.199,23.984
95,388.639,35.517,391.655,221.985,89.541,35.299,14.018,95.871,35.519,322,197,82.147,14.006
96,653.620,35.505,371.942,222.505,111.259,32.869,25.319,55.194,37.140,297,195,51.633,28.822
97,571.181,27.726,526.157,221.601,95.572,29.917,24.309,101.873,32.669,428,170,111.801,25.707
98,986.318,42.324,225.353,229.120,133.737,43.539,28.844,53.348,47.860,172,206,59.534,31.447
99,1082.006,36.581,266.004,229.466,130.894,41.868,32.905,14.975,44.745,201,193,12.529,32.819
100,924.489,34.994,486.011,230.291,124.986,41.694,28.232,109.463,45.154,392,173,120.700,30.271
101,506.408,21.907,563.250,224.543,93.734,26.739,24.114,96.156,31.100,459,174,110.556,25.685
102,665.397,33.231,74.170,228.982,101.308,30.857,27.456,109.219,33.842,59,175,104.534,28.216
103,602.096,17.372,583.279,234.173,103.146,34.693,22.097,96.281,36.721,479,177,97.595,25.479
104,1266.020,36.607,158.047,239.596,146.581,46.273,34.836,173.135,48.669,109,195,4.289,34.455
105,1313.128,31.643,301.449,244.467,153.150,47.116,35.485,68.575,51.204,239,223,53.673,37.915
106,627.122,36.786,457.571,238.125,100.719,29.663,26.918,108.419,31.848,369,185,107.745,26.779
107,1114.392,26.149,545.986,248.521,136.580,44.287,32.038,87.044,47.876,444,224,81.254,32.958
108,821.441,35.874,432.114,243.357,119.005,36.773,28.442,115.285,38.712,344,192,147.804,28.216
109,1376.429,29.423,109.915,246.065,158.420,52.383,33.456,166.599,53.606,67,202,174.806,35.977
110,684.534,36.856,515.044,245.163,102.974,32.008,27.230,155.857,35.186,415,191,133.603,27.402
111,727.226,31.935,193.127,249.922,111.431,34.343,26.962,124.355,39.614,151,192,117.350,28.603
112,1026.065,41.213,240.638,256.625,130.428,38.760,33.705,53.376,43.493,186,226,67.011,34.408
113,1077.589,34.054,352.015,258.556,135.575,45.525,30.138,101.802,47.381,291,233,87.064,30.560
114,663.925,33.465,377.389,248.955,102.263,30.841,27.410,110.976,35.270,298,196,139.185,28.332
115,1182.109,36.964,408.209,258.792,140.428,48.144,31.263,118.831,49.790,323,198,133.025,32.154
116,870.021,36.038,322.690,261.846,124.569,39.746,27.870,51.648,44.165,253,229,52.815,31.789
117,691.895,26.089,64.866,257.121,103.857,32.327,27.251,58.318,34.360,44,222,42.138,26.586
118,887.686,34.039,272.907,262.198,120.132,36.064,31.339,80.021,41.056,213,227,55.840,31.546
119,612.400,20.717,571.748,259.555,102.141,32.523,23.975,90.524,34.934,466,199,110.323,23.836
120,1008.400,42.036,474.110,267.998,136.997,50.251,25.550,95.179,50.114,386,241,83.047,28.091
121,594.735,27.817,86.145,266.808,99.298,32.361,23.400,57.212,33.006,62,232,53.973,24.954
122,684.534,38.555,145.953,264.894,107.999,34.857,25.004,156.569,36.681,112,206,124.216,23.657
123,559.404,37.059,494.991,267.043,99.247,37.102,19.197,88.503,36.841,402,235,72.759,19.316
124,1059.924,41.865,177.598,275.200,132.732,38.792,34.789,18.458,43.746,130,234,19.440,35.558
125,861.188,44.620,447.137,271.730,127.412,37.954,28.890,156.579,44.165,354,217,142.815,31.078
126,940.682,34.261,519.726,275.215,124.864,35.722,33.529,73.527,40.332,417,213,111.161,34.109
127,1657.603,51.183,383.232,289.149,174.452,54.805,38.510,103.222,59.167,305,219,118.142,42.163
128,865.604,36.779,114.949,281.729,117.828,38.906,28.328,88.018,40.332,93,249,68.839,27.906
129,784.638,31.147,552.714,285.650,115.990,38.345,26.054,97.969,39.614,445,224,117.350,28.621
130,890.630,55.135,212.944,287.535,121.137,37.825,29.980,103.095,38.845,168,222,104.470,29.811
131,656.564,39.213,138.031,289.627,111.309,34.079,24.530,56.811,37.632,107,224,91.848,27.913
132,1092.310,45.753,293.401,293.002,126.701,41.694,33.357,89.487,42.673,238,224,104.826,32.759
133,510.824,54.378,239.887,283.689,94.567,27.672,23.504,38.517,30.933,190,243,41.820,25.479
134,990.734,47.128,328.514,289.835,133.565,40.320,31.286,15.073,44.613,256,247,22.380,34.707
135,700.727,23.312,576.913,290.654,106.578,33.656,26.509,61.342,36.013,463,251,32.619,28.234
136,1189.470,53.428,261.319,299.716,146.287,43.961,34.451,76.849,47.675,212,228,104.744,37.940
137,817.025,69.067,414.666,297.482,127.118,34.578,30.084,118.047,43.965,333,234,129.401,30.180
138,934.794,64.728,442.660,298.855,128.001,36.015,33.048,106.776,42.205,352,231,108.435,34.832
139,562.348,39.036,78.068,298.633,96.699,32.389,22.106,70.195,35.270,56,259,63.435,22.637
140,559.404,30.560,534.015,300.738,95.450,29.015,24.547,102.854,32.961,441,233,96.340,25.503
141,637.426,62.568,354.114,300.689,108.294,30.359,26.733,30.620,33.994,278,254,177.955,28.539
142,1174.749,55.862,501.184,305.148,135.870,41.577,35.975,116.262,45.737,404,236,111.801,36.885
143,705.144,53.530,189.789,303.498,105.867,32.744,27.419,84.568,36.074,151,263,70.346,28.259
144,1210.080,49.014,154.846,309.100,142.733,47.573,32.387,33.449,48.910,109,264,29.745,34.324
145,683.062,22.638,593.127,310.518,108.588,37.930,22.929,79.587,40.113,490,239,93.468,25.307
146,1370.540,56.377,466.233,317.912,158.298,51.149,34.117,55.870,57.884,372,280,56.976,37.411
147,565.293,37.675,98.746,309.732,105.573,36.079,19.949,82.850,37.788,83,241,95.528,22.000
148,506.408,52.131,229.308,311.746,93.734,28.597,22.547,83.947,31.917,187,271,81.254,24.417
149,711.032,36.316,117.401,320.237,104.862,37.470,24.161,70.710,38.368,92,280,71.565,25.460
150,1102.615,48.581,321.139,322.294,131.138,40.955,34.279,139.546,43.493,248,258,149.859,34.519
151,513.769,34.802,569.968,319.672,94.272,29.726,22.006,101.376,31.917,462,252,98.746,21.482
152,619.761,43.228,550.711,325.041,105.695,35.373,22.308,94.994,37.632,448,282,69.228,22.269
153,581.486,41.685,211.633,324.240,97.460,33.242,22.272,113.518,34.744,169,254,102.095,21.432
154,345.947,44.664,245.101,324.142,76.453,22.962,19.182,85.540,26.192,200,256,103.392,19.534
155,634.482,47.165,353.395,324.231,111.137,35.152,22.982,40.031,40.768,281,277,36.529,25.808
156,942.155,48.893,527.313,332.107,131.605,43.799,27.389,114.072,49.508,430,256,107.103,31.171
157,627.122,26.036,78.768,326.519,99.125,28.732,27.791,118.887,32.032,56,260,127.304,27.906
158,1160.028,45.944,287.459,332.017,138.591,43.113,34.259,100.953,48.563,230,257,102.995,35.299
159,507.880,56.674,413.455,322.109,94.150,28.764,22.481,1.890,31.639,329,261,175.601,24.266
160,680.118,42.159,370.926,334.831,111.137,36.957,23.432,63.592,39.744,295,288,58.736,27.113
161,594.735,37.964,172.149,333.074,103.146,35.056,21.601,81.531,36.901,141,290,80.538,23.851
162,481.382,46.436,391.841,332.014,90.840,30.624,20.014,94.530,31.499,315,262,105.642,20.984
163,812.608,44.237,192.483,340.458,123.026,38.763,26.691,78.568,43.561,154,298,77.125,30.310
164,1008.400,55.115,430.670,340.962,130.600,39.724,32.321,54.796,42.621,356,263,94.899,34.574
165,376.862,49.087,493.821,332.318,80.301,25.412,18.882,148.186,27.721,401,263,113.199,17.906
166,877.381,36.753,583.526,345.367,119.005,35.826,31.182,98.716,38.902,479,301,86.424,32.041
167,956.876,47.800,148.522,347.587,125.280,39.751,30.649,77.689,42.880,115,302,64.885,32.556
168,870.021,36.927,235.664,345.285,143.149,44.849,24.700,178.285,48.304,175,283,154.722,29.685
169,771.389,39.473,513.942,353.749,110.598,36.362,27.011,147.791,39.203,411,284,158.199,27.454
170,914.184,41.105,339.065,355.909,121.310,37.921,30.695,65.827,41.696,274,311,81.634,31.516
171,578.542,45.870,403.514,356.106,116.873,37.045,19.885,83.744,46.503,330,315,82.504,22.773
172,331.226,48.162,470.863,347.419,83.144,24.405,17.280,88.468,29.745,389,301,78.232,19.750
173,686.006,49.081,309.435,352.794,105.278,34.077,25.632,28.831,37.983,240,297,26.565,27.906
174,619.761,64.660,268.681,353.991,98.587,29.803,26.477,123.245,32.307,213,281,145.713,26.596
175,590.319,46.531,486.568,356.602,99.836,33.526,22.419,77.354,33.471,390,304,43.531,23.243
176,491.687,35.587,553.054,351.551,90.008,29.518,21.209,35.301,31.312,444,294,35.538,22.029
177,981.902,47.179,453.589,363.404,124.864,38.764,32.251,94.369,41.502,366,314,74.745,33.642
178,658.036,22.363,100.323,359.420,108.537,31.893,26.271,95.399,36.196,72,283,129.560,25.479
179,809.664,31.641,205.197,365.989,112.020,35.042,29.419,64.287,38.079,162,314,67.521,30.028
180,1447.090,36.459,377.571,369.637,157.120,48.417,38.055,118.298,52.397,294,289,132.184,38.609
181,459.300,28.258,567.237,366.858,82.312,25.284,23.129,13.963,27.373,456,305,12.804,23.164
182,709.560,34.748,174.852,370.708,103.440,32.553,27.753,116.708,33.117,142,319,81.573,27.673
183,766.973,34.681,235.811,369.590,110.426,34.460,28.338,35.559,36.500,181,309,15.422,30.181
184,803.776,48.002,421.573,374.121,111.431,34.839,29.375,20.955,38.079,332,315,30.651,30.333
185,768.445,53.847,284.514,377.869,111.847,33.116,29.545,113.989,37.691,221,305,146.821,29.242
186,525.546,32.507,125.934,373.799,92.434,27.115,24.678,168.206,29.220,95,299,131.634,25.479
187,443.107,31.978,257.816,379.276,82.850,25.490,22.133,76.549,26.610,204,320,43.152,23.053
188,755.196,46.195,313.855,378.511,107.827,34.606,27.785,168.056,37.983,245,302,153.435,26.693
189,581.486,42.100,349.640,380.839,96.871,29.765,24.874,5.446,32.669,274,312,164.932,25.734
