 ,Area,Mean,Min,Max,Angle,Slice,Length
1,7.912E-7,168.720,94,413,-88.764,1,0.004
2,7.912E-7,158.429,92,410,-88.764,2,0.004
3,7.912E-7,147.864,96,422,-88.764,3,0.004
4,7.912E-7,140.132,94,425,-88.764,4,0.004
5,7.912E-7,139.185,91,400,-88.764,5,0.004
6,7.912E-7,139.473,95,410,-88.764,6,0.004
7,7.912E-7,139.756,88,420,-88.764,7,0.004
8,7.912E-7,140.153,92,411,-88.764,8,0.004
9,7.912E-7,139.930,94,404,-88.764,9,0.004
10,7.912E-7,139.943,95,411,-88.764,10,0.004
11,7.912E-7,140.638,91,422,-88.764,11,0.004
12,7.912E-7,141.095,94,410,-88.764,12,0.004
13,7.912E-7,140.952,92,427,-88.764,13,0.004
14,7.912E-7,141.440,95,441,-88.764,14,0.004
15,7.912E-7,141.744,91,412,-88.764,15,0.004
16,7.912E-7,141.724,93,405,-88.764,16,0.004
17,7.912E-7,141.293,94,406,-88.764,17,0.004
18,7.912E-7,142.484,92,407,-88.764,18,0.004
19,7.912E-7,142.384,94,411,-88.764,19,0.004
20,7.912E-7,142.933,90,418,-88.764,20,0.004
21,7.912E-7,143.205,96,411,-88.764,21,0.004
22,7.912E-7,143.285,91,408,-88.764,22,0.004
23,7.912E-7,143.326,94,422,-88.764,23,0.004
24,7.912E-7,144.075,93,425,-88.764,24,0.004
25,7.912E-7,143.996,96,422,-88.764,25,0.004
26,7.912E-7,144.044,89,436,-88.764,26,0.004
27,7.912E-7,144.645,94,409,-88.764,27,0.004
28,7.912E-7,144.563,91,408,-88.764,28,0.004
29,7.912E-7,144.318,93,408,-88.764,29,0.004
30,7.912E-7,145.239,94,397,-88.764,30,0.004
31,7.912E-7,145.049,89,406,-88.764,31,0.004
32,7.912E-7,145.638,93,422,-88.764,32,0.004
33,7.912E-7,145.604,94,408,-88.764,33,0.004
34,7.912E-7,145.983,96,415,-88.764,34,0.004
35,7.912E-7,146.440,94,462,-88.764,35,0.004
36,7.912E-7,146.971,97,451,-88.764,36,0.004
37,7.912E-7,146.683,92,423,-88.764,37,0.004
38,7.912E-7,147.493,97,428,-88.764,38,0.004
39,7.912E-7,147.901,97,435,-88.764,39,0.004
40,7.912E-7,147.736,95,432,-88.764,40,0.004
41,7.912E-7,147.508,96,436,-88.764,41,0.004
42,7.912E-7,148.164,96,441,-88.764,42,0.004
43,7.912E-7,148.195,97,427,-88.764,43,0.004
44,7.912E-7,148.390,91,427,-88.764,44,0.004
45,7.912E-7,148.467,97,426,-88.764,45,0.004
46,7.912E-7,148.885,92,431,-88.764,46,0.004
47,7.912E-7,149.056,95,448,-88.764,47,0.004
48,7.912E-7,149.270,96,446,-88.764,48,0.004
49,7.912E-7,150.002,96,422,-88.764,49,0.004
50,7.912E-7,150.559,95,443,-88.764,50,0.004
51,7.912E-7,150.136,97,461,-88.764,51,0.004
52,7.912E-7,150.980,95,428,-88.764,52,0.004
53,7.912E-7,151.035,89,438,-88.764,53,0.004
54,7.912E-7,151.822,96,455,-88.764,54,0.004
55,7.912E-7,151.511,95,449,-88.764,55,0.004
56,7.912E-7,152.125,96,442,-88.764,56,0.004
57,7.912E-7,152.340,96,437,-88.764,57,0.004
58,7.912E-7,153.018,97,451,-88.764,58,0.004
59,7.912E-7,153.469,96,461,-88.764,59,0.004
60,7.912E-7,153.449,96,457,-88.764,60,0.004
61,7.912E-7,154.126,99,435,-88.764,61,0.004
62,7.912E-7,154.625,94,460,-88.764,62,0.004
63,7.912E-7,154.663,96,468,-88.764,63,0.004
64,7.912E-7,155.408,97,451,-88.764,64,0.004
65,7.912E-7,156.209,96,446,-88.764,65,0.004
66,7.912E-7,156.378,94,451,-88.764,66,0.004
67,7.912E-7,156.403,94,458,-88.764,67,0.004
68,7.912E-7,156.585,95,451,-88.764,68,0.004
69,7.912E-7,157.107,97,432,-88.764,69,0.004
70,7.912E-7,157.732,96,436,-88.764,70,0.004
71,7.912E-7,157.923,97,431,-88.764,71,0.004
72,7.912E-7,157.950,95,422,-88.764,72,0.004
73,7.912E-7,158.663,96,422,-88.764,73,0.004
74,7.912E-7,159.288,97,439,-88.764,74,0.004
75,7.912E-7,159.647,94,432,-88.764,75,0.004
76,7.912E-7,160.108,95,412,-88.764,76,0.004
77,7.912E-7,160.965,94,427,-88.764,77,0.004
78,7.912E-7,160.702,99,400,-88.764,78,0.004
79,7.912E-7,161.392,92,425,-88.764,79,0.004
80,7.912E-7,161.751,97,418,-88.764,80,0.004
81,7.912E-7,162.299,96,385,-88.764,81,0.004
82,7.912E-7,162.175,99,412,-88.764,82,0.004
83,7.912E-7,163.031,97,396,-88.764,83,0.004
84,7.912E-7,163.194,99,408,-88.764,84,0.004
85,7.912E-7,163.259,97,392,-88.764,85,0.004
86,7.912E-7,163.836,94,410,-88.764,86,0.004
87,7.912E-7,164.165,96,414,-88.764,87,0.004
88,7.912E-7,164.888,96,412,-88.764,88,0.004
89,7.912E-7,164.549,93,390,-88.764,89,0.004
90,7.912E-7,164.879,95,388,-88.764,90,0.004
91,7.912E-7,165.447,96,429,-88.764,91,0.004
92,7.912E-7,165.631,97,407,-88.764,92,0.004
93,7.912E-7,166.264,94,412,-88.764,93,0.004
94,7.912E-7,166.820,97,448,-88.764,94,0.004
95,7.912E-7,166.681,97,421,-88.764,95,0.004
96,7.912E-7,167.011,97,431,-88.764,96,0.004
97,7.912E-7,167.021,95,408,-88.764,97,0.004
98,7.912E-7,167.531,94,440,-88.764,98,0.004
99,7.912E-7,168.087,96,418,-88.764,99,0.004
100,7.912E-7,168.565,94,452,-88.764,100,0.004
101,7.912E-7,168.428,97,447,-88.764,101,0.004
102,7.912E-7,168.648,95,436,-88.764,102,0.004
103,7.912E-7,168.767,97,422,-88.764,103,0.004
104,7.912E-7,169.281,95,455,-88.764,104,0.004
105,7.912E-7,169.159,98,457,-88.764,105,0.004
106,7.912E-7,169.549,97,408,-88.764,106,0.004
107,7.912E-7,169.752,96,415,-88.764,107,0.004
108,7.912E-7,169.819,95,438,-88.764,108,0.004
109,7.912E-7,170.245,96,434,-88.764,109,0.004
110,7.912E-7,170.329,94,435,-88.764,110,0.004
111,7.912E-7,170.525,97,450,-88.764,111,0.004
112,7.912E-7,170.266,99,402,-88.764,112,0.004
113,7.912E-7,171.146,98,427,-88.764,113,0.004
114,7.912E-7,171.060,93,446,-88.764,114,0.004
115,7.912E-7,171.148,96,422,-88.764,115,0.004
116,7.912E-7,171.955,95,411,-88.764,116,0.004
117,7.912E-7,171.882,96,429,-88.764,117,0.004
118,7.912E-7,172.193,96,449,-88.764,118,0.004
119,7.912E-7,171.687,95,409,-88.764,119,0.004
120,7.912E-7,172.043,89,410,-88.764,120,0.004
121,7.912E-7,172.066,99,396,-88.764,121,0.004
122,7.912E-7,172.058,98,409,-88.764,122,0.004
123,7.912E-7,172.453,95,419,-88.764,123,0.004
124,7.912E-7,171.972,95,413,-88.764,124,0.004
125,7.912E-7,173.031,93,405,-88.764,125,0.004
126,7.912E-7,173.077,92,406,-88.764,126,0.004
127,7.912E-7,172.498,92,410,-88.764,127,0.004
128,7.912E-7,172.912,93,389,-88.764,128,0.004
129,7.912E-7,173.585,95,398,-88.764,129,0.004
130,7.912E-7,173.437,97,403,-88.764,130,0.004
131,7.912E-7,173.367,90,358,-88.764,131,0.004
132,7.912E-7,172.918,95,364,-88.764,132,0.004
133,7.912E-7,173.465,95,362,-88.764,133,0.004
134,7.912E-7,174.244,97,357,-88.764,134,0.004
135,7.912E-7,173.418,94,357,-88.764,135,0.004
136,7.912E-7,173.437,98,382,-88.764,136,0.004
137,7.912E-7,173.399,99,375,-88.764,137,0.004
138,7.912E-7,173.223,98,371,-88.764,138,0.004
139,7.912E-7,173.602,94,361,-88.764,139,0.004
140,7.912E-7,173.745,96,368,-88.764,140,0.004
141,7.912E-7,173.526,92,370,-88.764,141,0.004
142,7.912E-7,173.322,94,367,-88.764,142,0.004
143,7.912E-7,173.441,94,366,-88.764,143,0.004
144,7.912E-7,174.635,93,344,-88.764,144,0.004
145,7.912E-7,174.068,100,382,-88.764,145,0.004
146,7.912E-7,173.901,91,348,-88.764,146,0.004
147,7.912E-7,173.908,97,352,-88.764,147,0.004
148,7.912E-7,174.116,96,368,-88.764,148,0.004
149,7.912E-7,174.278,97,345,-88.764,149,0.004
150,7.912E-7,174.337,95,345,-88.764,150,0.004
151,7.912E-7,174.471,94,370,-88.764,151,0.004
152,7.912E-7,173.546,95,372,-88.764,152,0.004
153,7.912E-7,173.974,95,339,-88.764,153,0.004
154,7.912E-7,173.740,96,358,-88.764,154,0.004
155,7.912E-7,174.235,98,339,-88.764,155,0.004
156,7.912E-7,173.651,96,364,-88.764,156,0.004
157,7.912E-7,174.055,94,347,-88.764,157,0.004
158,7.912E-7,174.073,96,348,-88.764,158,0.004
159,7.912E-7,174.282,94,353,-88.764,159,0.004
160,7.912E-7,173.789,96,348,-88.764,160,0.004
161,7.912E-7,174.483,95,354,-88.764,161,0.004
162,7.912E-7,174.333,93,360,-88.764,162,0.004
163,7.912E-7,173.901,94,346,-88.764,163,0.004
164,7.912E-7,173.901,96,376,-88.764,164,0.004
165,7.912E-7,174.393,96,368,-88.764,165,0.004
166,7.912E-7,173.797,94,351,-88.764,166,0.004
167,7.912E-7,174.252,97,361,-88.764,167,0.004
168,7.912E-7,173.874,97,347,-88.764,168,0.004
169,7.912E-7,173.709,96,358,-88.764,169,0.004
170,7.912E-7,173.436,91,342,-88.764,170,0.004
171,7.912E-7,174.000,98,368,-88.764,171,0.004
172,7.912E-7,173.384,93,370,-88.764,172,0.004
173,7.912E-7,173.147,95,350,-88.764,173,0.004
174,7.912E-7,172.920,96,357,-88.764,174,0.004
175,7.912E-7,173.067,92,351,-88.764,175,0.004
176,7.912E-7,173.467,94,351,-88.764,176,0.004
177,7.912E-7,172.954,96,375,-88.764,177,0.004
178,7.912E-7,173.211,96,362,-88.764,178,0.004
179,7.912E-7,172.704,94,364,-88.764,179,0.004
180,7.912E-7,173.533,91,380,-88.764,180,0.004
181,7.912E-7,172.956,93,353,-88.764,181,0.004
182,7.912E-7,173.434,94,367,-88.764,182,0.004
183,7.912E-7,173.185,95,363,-88.764,183,0.004
184,7.912E-7,172.826,94,361,-88.764,184,0.004
185,7.912E-7,172.649,95,368,-88.764,185,0.004
186,7.912E-7,172.724,95,384,-88.764,186,0.004
187,7.912E-7,172.644,96,367,-88.764,187,0.004
188,7.912E-7,172.337,97,373,-88.764,188,0.004
189,7.912E-7,172.519,95,371,-88.764,189,0.004
190,7.912E-7,172.272,95,377,-88.764,190,0.004
191,7.912E-7,171.892,94,378,-88.764,191,0.004
192,7.912E-7,171.963,96,353,-88.764,192,0.004
193,7.912E-7,172.227,90,381,-88.764,193,0.004
194,7.912E-7,172.064,98,366,-88.764,194,0.004
195,7.912E-7,171.622,96,354,-88.764,195,0.004
196,7.912E-7,172.327,93,354,-88.764,196,0.004
197,7.912E-7,172.127,95,369,-88.764,197,0.004
198,7.912E-7,172.468,95,354,-88.764,198,0.004
199,7.912E-7,171.976,94,354,-88.764,199,0.004
200,7.912E-7,171.639,96,363,-88.764,200,0.004
201,7.912E-7,171.654,94,364,-88.764,201,0.004
202,7.912E-7,171.502,92,371,-88.764,202,0.004
203,7.912E-7,171.440,94,370,-88.764,203,0.004
204,7.912E-7,171.047,94,375,-88.764,204,0.004
205,7.912E-7,171.301,97,345,-88.764,205,0.004
206,7.912E-7,171.119,97,351,-88.764,206,0.004
207,7.912E-7,170.560,93,361,-88.764,207,0.004
208,7.912E-7,171.027,96,356,-88.764,208,0.004
209,7.912E-7,170.806,94,364,-88.764,209,0.004
210,7.912E-7,170.833,94,368,-88.764,210,0.004
211,7.912E-7,170.318,96,359,-88.764,211,0.004
212,7.912E-7,170.082,96,363,-88.764,212,0.004
213,7.912E-7,170.020,94,388,-88.764,213,0.004
214,7.912E-7,170.214,95,362,-88.764,214,0.004
215,7.912E-7,169.745,96,373,-88.764,215,0.004
216,7.912E-7,170.063,96,369,-88.764,216,0.004
217,7.912E-7,169.612,94,374,-88.764,217,0.004
218,7.912E-7,169.740,92,370,-88.764,218,0.004
219,7.912E-7,169.485,98,372,-88.764,219,0.004
220,7.912E-7,169.469,93,370,-88.764,220,0.004
221,7.912E-7,169.312,91,368,-88.764,221,0.004
222,7.912E-7,168.944,96,368,-88.764,222,0.004
223,7.912E-7,169.088,95,371,-88.764,223,0.004
224,7.912E-7,168.620,95,370,-88.764,224,0.004
225,7.912E-7,168.495,96,363,-88.764,225,0.004
226,7.912E-7,168.414,94,378,-88.764,226,0.004
227,7.912E-7,168.180,96,375,-88.764,227,0.004
228,7.912E-7,167.977,98,363,-88.764,228,0.004
229,7.912E-7,168.084,93,405,-88.764,229,0.004
230,7.912E-7,168.113,96,376,-88.764,230,0.004
231,7.912E-7,167.624,96,375,-88.764,231,0.004
232,7.912E-7,167.327,96,387,-88.764,232,0.004
233,7.912E-7,167.248,96,389,-88.764,233,0.004
234,7.912E-7,167.265,92,393,-88.764,234,0.004
235,7.912E-7,166.845,95,383,-88.764,235,0.004
236,7.912E-7,166.454,94,391,-88.764,236,0.004
237,7.912E-7,166.585,96,365,-88.764,237,0.004
238,7.912E-7,166.743,95,371,-88.764,238,0.004
239,7.912E-7,166.610,94,354,-88.764,239,0.004
240,7.912E-7,166.243,94,363,-88.764,240,0.004
241,7.912E-7,166.606,94,368,-88.764,241,0.004
242,7.912E-7,166.439,96,383,-88.764,242,0.004
243,7.912E-7,166.129,94,384,-88.764,243,0.004
244,7.912E-7,165.397,92,393,-88.764,244,0.004
245,7.912E-7,165.327,92,359,-88.764,245,0.004
246,7.912E-7,166.268,89,389,-88.764,246,0.004
247,7.912E-7,166.378,95,380,-88.764,247,0.004
248,7.912E-7,165.589,96,374,-88.764,248,0.004
249,7.912E-7,164.928,92,372,-88.764,249,0.004
250,7.912E-7,165.484,94,367,-88.764,250,0.004
251,7.912E-7,164.768,95,362,-88.764,251,0.004
252,7.912E-7,165.645,94,400,-88.764,252,0.004
253,7.912E-7,164.886,95,386,-88.764,253,0.004
254,7.912E-7,165.277,98,394,-88.764,254,0.004
255,7.912E-7,164.889,95,387,-88.764,255,0.004
256,7.912E-7,164.113,96,388,-88.764,256,0.004
257,7.912E-7,163.738,98,367,-88.764,257,0.004
258,7.912E-7,163.920,95,388,-88.764,258,0.004
259,7.912E-7,163.851,93,376,-88.764,259,0.004
260,7.912E-7,163.910,91,378,-88.764,260,0.004
261,7.912E-7,163.121,97,377,-88.764,261,0.004
262,7.912E-7,163.469,94,368,-88.764,262,0.004
263,7.912E-7,163.274,93,377,-88.764,263,0.004
264,7.912E-7,163.167,91,387,-88.764,264,0.004
265,7.912E-7,163.257,95,366,-88.764,265,0.004
266,7.912E-7,162.660,94,370,-88.764,266,0.004
267,7.912E-7,162.397,93,370,-88.764,267,0.004
268,7.912E-7,162.801,95,378,-88.764,268,0.004
269,7.912E-7,162.883,94,382,-88.764,269,0.004
270,7.912E-7,162.586,96,399,-88.764,270,0.004
271,7.912E-7,162.852,95,372,-88.764,271,0.004
272,7.912E-7,162.853,95,406,-88.764,272,0.004
273,7.912E-7,162.763,93,390,-88.764,273,0.004
274,7.912E-7,163.106,90,413,-88.764,274,0.004
275,7.912E-7,163.471,94,398,-88.764,275,0.004
276,7.912E-7,162.552,94,440,-88.764,276,0.004
277,7.912E-7,163.150,95,454,-88.764,277,0.004
278,7.912E-7,162.509,91,423,-88.764,278,0.004
279,7.912E-7,163.009,92,429,-88.764,279,0.004
280,7.912E-7,162.860,93,463,-88.764,280,0.004
281,7.912E-7,162.568,95,426,-88.764,281,0.004
282,7.912E-7,162.684,94,484,-88.764,282,0.004
283,7.912E-7,162.226,97,464,-88.764,283,0.004
284,7.912E-7,162.727,93,481,-88.764,284,0.004
285,7.912E-7,162.734,93,523,-88.764,285,0.004
286,7.912E-7,162.663,93,485,-88.764,286,0.004
287,7.912E-7,162.190,90,420,-88.764,287,0.004
288,7.912E-7,162.243,94,495,-88.764,288,0.004
289,7.912E-7,162.151,96,475,-88.764,289,0.004
290,7.912E-7,162.235,97,481,-88.764,290,0.004
291,7.912E-7,162.557,95,464,-88.764,291,0.004
292,7.912E-7,162.572,94,494,-88.764,292,0.004
293,7.912E-7,162.491,96,443,-88.764,293,0.004
294,7.912E-7,162.205,93,483,-88.764,294,0.004
295,7.912E-7,162.458,97,486,-88.764,295,0.004
296,7.912E-7,162.907,94,453,-88.764,296,0.004
297,7.912E-7,162.663,97,457,-88.764,297,0.004
298,7.912E-7,162.589,95,477,-88.764,298,0.004
299,7.912E-7,163.620,92,475,-88.764,299,0.004
300,7.912E-7,162.811,95,494,-88.764,300,0.004
301,7.912E-7,163.705,94,453,-88.764,301,0.004
