Time (hpf),caMypt_Mean_15022023_Pos005,caMypt_Mean_15022023_Pos004,caMypt_Mean_15022023_Pos003,caRhoA_Mean_04042023_Pos004,Control_Mean_04042023_Pos002,caRhoA_Mean_04042023_Pos005,caRhoA_Mean_04042023_Pos003,caMypt_Mean_24062020_Pos004,Control_Mean_24062020_Pos007,caMypt_Mean_24062020_Pos002,caMypt_Mean_24062020_Pos005,caMypt_Mean_24062020_Pos001,Control_Mean_24062020_Pos006,caRhoA_Mean_30102023_Pos004,Control_Mean_30102023_Pos002,Control_Mean_30102023_Pos001,Control_Mean_04062022_Pos002,caMypt_Mean_04062022_Pos006,caMypt_Mean_04062022_Pos007,caMypt_Mean_04062022_Pos005,Control_Mean_04062022_Pos001,caMypt_Mean_04062022_Pos004,caMypt_Mean_04062022_Pos003,Control_Mean_06092023_Pos008,Control_Mean_06092023_Pos009
4.125,135.619,81.257,79.264,269.985,86.233,251.539,186.081,161.041,237.825,142.844,157.0,179.933,188.993,148.902,189.715,84.718,94.573,39.86,50.491,61.168,128.441,110.699,55.52,,
4.375,145.67,85.363,81.826,254.791,100.251,244.276,193.97,170.374,265.426,151.481,164.697,195.393,206.944,158.626,199.905,87.121,101.288,42.621,52.398,77.419,137.212,115.57,58.757,46.451,30.498
4.625,154.473,89.638,86.659,258.361,115.332,233.421,197.605,173.926,277.005,154.751,166.392,205.613,214.402,170.024,210.471,90.142,106.379,45.802,53.818,91.65,146.172,118.547,61.929,52.285,32.929
4.875,164.616,95.238,91.295,258.421,128.017,238.31,200.856,175.567,290.532,155.727,167.444,209.234,219.306,184.08,221.503,93.649,110.294,48.206,55.252,100.624,153.032,122.572,65.29,61.056,37.19
5.125,182.98649999999998,104.3835,100.9065,262.983,138.558,242.278,205.065,180.299,311.816,159.255,170.427,217.609,231.868,209.0645,239.386,101.096,113.141,49.793,56.354,105.23,157.513,127.679,66.67,70.079,42.565
5.375,203.135,114.111,111.9,268.247,150.673,248.985,213.292,190.353,345.028,166.067,179.23,234.056,251.777,236.274,257.513,109.394,117.24,51.106,57.404,106.206,159.811,128.352,69.12,81.075,48.178
5.625,218.758,121.608,119.697,279.257,165.777,258.48,224.883,206.283,393.833,178.385,190.678,255.906,282.781,255.101,269.969,114.277,120.197,53.09,59.48,106.449,158.9,128.875,71.816,91.353,54.024
5.875,236.375,129.641,129.084,288.726,184.846,270.826,234.945,224.488,431.12,199.568,201.483,295.892,309.15,274.924,282.267,119.887,123.876,55.922,61.882,109.635,159.112,130.968,76.084,101.899,60.784
6.125,254.691,136.462,139.932,292.12,201.06,283.275,254.679,230.321,466.962,203.821,208.918,311.048,334.712,296.494,294.209,125.753,130.237,59.235,64.849,112.286,162.099,137.902,79.854,113.71,68.587
6.375,283.31399999999996,147.4805,158.44650000000001,325.311,215.585,299.619,260.68,242.693,493.071,213.634,221.36,331.452,353.562,325.4935,312.04200000000003,136.3485,134.216,62.544,67.339,116.544,164.462,141.479,82.451,124.884,76.354
6.625,313.568,156.067,178.616,366.102,231.278,319.211,276.307,250.148,509.478,219.312,226.402,346.612,369.002,352.688,327.359,146.861,138.166,65.596,70.08,118.598,166.517,142.435,86.203,135.33,84.31
6.875,333.435,162.34,193.126,,249.365,341.422,293.221,263.531,536.362,232.919,234.155,366.302,381.761,367.402,336.739,153.909,140.897,69.06,72.445,125.26,171.325,147.314,89.706,145.712,92.17
7.125,354.117,171.448,209.649,,268.3,362.578,312.729,260.912,557.076,230.093,228.985,381.747,396.963,381.12,345.486,160.323,146.058,73.568,75.103,128.053,175.921,156.465,91.197,157.921,100.931
7.375,370.868,177.978,225.733,,286.492,383.809,331.977,271.213,583.459,238.675,240.33,404.702,417.097,400.234,353.812,166.594,149.985,77.19,78.435,131.856,183.04,159.632,91.614,170.752,110.354
7.625,393.4565,183.638,249.6215,,306.598,404.915,363.498,285.866,608.708,247.944,241.853,429.252,432.365,432.9975,376.4615,180.7735,154.778,79.793,81.795,133.202,186.898,159.523,92.336,182.528,120.415
7.875,413.284,186.559,272.207,,326.943,416.236,382.032,294.664,642.1,261.701,252.782,455.775,458.622,465.306,399.858,195.591,158.762,83.863,86.86,137.159,193.436,161.533,93.847,195.704,131.329
8.125,425.08,188.048,286.702,,344.99,450.544,400.992,310.568,668.178,274.655,255.89,491.233,482.997,484.138,413.454,204.92,164.079,87.073,90.575,139.542,201.779,162.474,96.436,207.24,141.934
8.375,433.9,188.12,299.603,,353.247,466.864,419.577,319.271,699.313,282.027,270.574,523.558,499.817,496.776,418.757,211.589,167.02,90.573,95.168,148.82,210.792,165.189,98.239,212.952,152.402
8.625,441.039,188.262,311.072,,384.365,483.739,432.764,340.03,735.264,302.208,276.414,565.889,521.836,506.218,,214.852,172.052,94.049,99.072,154.756,217.833,164.588,104.185,231.44,162.912
8.875,451.222,187.66649999999998,327.1815,,398.634,494.879,443.57,354.825,760.535,310.514,283.565,606.184,541.703,522.18,,219.559,175.302,98.642,103.876,161.311,226.224,167.774,110.469,242.779,173.404
9.125,457.778,186.551,340.794,,409.45,493.593,469.375,370.283,803.762,331.797,299.918,654.135,574.463,537.885,,223.129,179.378,103.716,110.943,169.604,233.766,170.96,115.902,252.974,183.527
9.375,457.54,185.926,348.731,,418.364,522.258,481.231,383.602,831.684,346.129,315.248,704.19,597.471,547.21,,224.86,186.067,106.383,115.165,178.594,243.492,175.668,121.627,260.987,193.114
9.625,452.987,181.803,353.196,,418.523,536.778,491.53,382.73,849.255,343.188,314.023,729.3,610.426,556.662,,,185.358,106.715,118.94,182.715,246.144,176.113,121.015,266.686,202.474
9.875,445.732,177.723,354.506,,442.472,552.92,499.424,390.489,876.396,348.487,309.857,756.868,625.201,566.601,,,186.448,108.105,123.699,186.039,248.239,177.621,125.311,273.168,211.895
10.125,442.455,173.5075,358.36699999999996,,456.195,570.076,513.703,402.255,913.568,362.699,315.493,800.618,645.285,579.04,,,186.43,109.255,129.62,189.909,249.748,177.587,130.206,279.475,221.657
10.375,434.6,170.973,361.194,,469.411,575.814,532.689,410.539,940.289,361.627,322.515,832.228,665.574,590.653,,,189.817,112.466,138.354,199.091,256.642,180.55,140.584,283.804,230.748
10.625,436.924,166.963,363.173,,485.345,608.2,544.629,411.929,963.696,370.231,320.94,863.146,679.392,600.758,,,193.249,117.102,146.992,209.801,263.484,185.464,149.878,286.835,239.134
10.875,436.975,165.148,363.948,,494.202,618.983,554.0,418.223,982.986,363.547,317.709,877.781,688.881,612.207,,,194.262,121.979,158.479,219.065,267.251,189.345,159.183,290.095,246.821
11.125,435.459,163.896,366.558,,499.135,624.729,556.821,421.064,980.354,361.399,302.927,888.288,695.561,623.245,,,198.271,127.925,171.164,226.469,276.078,193.823,176.222,292.946,253.238
11.375,442.2125,164.5125,370.738,,520.493,628.696,555.953,423.821,975.223,350.701,305.638,880.277,685.74,,,,198.116,134.203,185.342,228.687,281.37,196.134,185.941,293.238,258.095
11.625,446.424,165.639,372.813,,529.485,633.856,543.125,419.496,980.46,352.763,289.871,887.234,686.711,,,,200.609,135.462,197.62,232.674,282.774,198.816,189.406,290.476,251.09
11.875,445.45,167.023,374.663,,536.301,634.566,543.822,,,,,,,,,,201.411,136.307,211.673,235.471,282.155,208.012,192.972,288.502,261.658
12.125,448.105,169.384,376.719,,538.049,632.998,548.624,,,,,,,,,,202.207,141.666,223.733,238.311,282.713,211.881,199.33,290.495,266.648
12.375,447.5,172.414,380.916,,541.569,632.133,545.091,,,,,,,,,,205.678,149.206,244.317,244.548,286.589,217.873,213.21,296.714,275.459
