LABEL,TRACK_INDEX,TRACK_ID,NUMBER_SPOTS,NUMBER_GAPS,NUMBER_SPLITS,NUMBER_MERGES,NUMBER_COMPLEX,LONGEST_GAP,TRACK_DURATION,TRACK_START,TRACK_STOP,TRACK_DISPLACEMENT,TRACK_X_LOCATION,TRACK_Y_LOCATION,TRACK_Z_LOCATION,TRACK_MEAN_SPEED,TRACK_MAX_SPEED,TRACK_MIN_SPEED,TRACK_MEDIAN_SPEED,TRACK_STD_SPEED,TRACK_MEAN_QUALITY,TOTAL_DISTANCE_TRAVELED,MAX_DISTANCE_TRAVELED,CONFINEMENT_RATIO,MEAN_STRAIGHT_LINE_SPEED,LINEARITY_OF_FORWARD_PROGRESSION,MEAN_DIRECTIONAL_CHANGE_RATE
Label,Track index,Track ID,Number of spots in track,Number of gaps,Number of split events,Number of merge events,Number of complex points,Longest gap,Track duration,Track start,Track stop,Track displacement,Track mean X,Track mean Y,Track mean Z,Track mean speed,Track max speed,Track min speed,Track median speed,Track std speed,Track mean quality,Total distance traveled,Max distance traveled,Confinement ratio,Mean straight line speed,Linearity of forward progression,Mean directional change rate
Label,Index,ID,N spots,N gaps,N splits,N merges,N complex,Lgst gap,Duration,Track start,Track stop,Track disp.,Track X,Track Y,Track Z,Mean sp.,Max speed,Min speed,Med. speed,Std speed,Mean Q,Total dist.,Max dist.,Cfn. ratio,Mn. v. line,Fwd. progr.,Mn. ? rate
,,,,,,,,,(frame),(frame),(frame),(pixel),(pixel),(pixel),(pixel),(pixel/frame),(pixel/frame),(pixel/frame),(pixel/frame),(pixel/frame),(quality),(pixel),(pixel),,(pixel/frame),,(rad/frame)
Track_0,0,0,13,0,0,0,0,0,12.0,0.0,12.0,222.91866053432122,1455.2825528401986,1447.220580846828,0.0,26.515467379574062,140.90449650274363,11.829569070646647,13.389643078759875,36.747911602352985,45626.07692307692,318.1856085548887,246.68244279310335,0.7005931586496207,18.576555044526767,0.7005931586496205,1.2205763846814353
Track_1,1,1,13,0,0,0,0,0,12.0,0.0,12.0,235.6372381246992,630.5089694181377,1430.6668058310413,0.0,24.84713823212721,107.94005735080968,0.9836089321445092,15.051687155790443,28.990872363789613,122043.0,298.1656587855265,237.06874623505286,0.7902896634189365,19.6364365103916,0.7902896634189365,0.9693095152114168
Track_2,2,2,13,0,0,0,0,0,12.0,0.0,12.0,178.11476182528958,962.8263970826229,878.1435590950707,0.0,15.639703508423477,35.21246870794377,3.4675830174183107,14.623693438677408,9.746686672256196,21198.53846153846,187.6764421010817,178.11476182528958,0.9490523148843463,14.84289681877413,0.9490523148843462,0.47145946296148183
Track_3,3,3,13,0,0,0,0,0,12.0,0.0,12.0,97.22129077916073,612.6204207446007,1762.5667542609187,0.0,21.81358103648527,89.43027702958815,7.701490003859315,15.6858046317342,22.723001542427728,51341.230769230766,261.76297243782324,113.5472499113192,0.3714096377869249,8.101774231596726,0.3714096377869248,1.8158714322319625
Track_4,4,4,11,1,0,0,0,1,11.0,1.0,12.0,12.040509635875312,1027.834934091037,1815.1854885056578,0.0,34.07783010476901,112.19820572120804,2.5107482565589034,30.530321703082368,31.014501480277296,60861.545454545456,343.2890493042491,66.27274970044263,0.03507396947347449,1.0945917850795739,0.032120348675791756,1.4939338659187122
Track_5,5,5,5,0,0,0,0,0,4.0,0.0,4.0,50.33965621876731,1439.7134448708553,477.6124570747153,0.0,41.54311848942092,66.9088650359969,20.65864652988279,40.9758226848807,19.106921270694517,56454.6,166.17247395768368,66.9088650359969,0.3029361904522554,12.584914054691827,0.3029361904522554,2.3075837180706227
Track_6,6,6,12,0,0,0,0,0,11.0,1.0,12.0,42.23907014389636,1407.505189968011,1855.1582636550202,0.0,22.476874515897613,48.44399232099752,1.8609292347304325,12.32893897964758,17.71467587595057,67640.58333333333,247.24561967487375,78.571693408908,0.17083849735918655,3.839915467626942,0.17083849735918655,1.6269107909379532
Track_7,7,7,13,0,0,0,0,0,12.0,0.0,12.0,129.22395361006394,1052.5553461747384,509.2175380883556,0.0,15.005518881331517,31.308359499397742,2.690135281788497,15.016594675777853,9.054162869465285,62011.230769230766,180.0662265759782,129.53536815810972,0.7176468128826948,10.768662800838662,0.7176468128826947,1.0748811776243947
Track_8,8,8,11,1,0,0,0,1,11.0,1.0,12.0,123.47740233930583,1585.5080012193082,1687.727694025394,0.0,32.86627444826241,68.17836709958395,4.258938364253083,29.495457402834685,22.822135256445662,62447.72727272727,332.92168284687716,123.47740233930583,0.3708902384591682,11.225218394482347,0.3415421608601521,1.322286949973676
Track_9,9,9,13,0,0,0,0,0,12.0,0.0,12.0,185.32096497841417,1168.6798233058046,963.9458805282816,0.0,35.84921866584265,104.0981548601917,5.126388654513068,27.044488594799024,32.126504018177776,58163.0,430.1906239901117,224.9170402417028,0.43078801499558933,15.44341374820118,0.4307880149955892,1.3462315623928227
Track_10,10,10,12,1,0,0,0,1,12.0,0.0,12.0,189.59408943668527,1121.7407580783618,779.0964533452089,0.0,32.100059575637054,70.08088797942804,6.488190261067085,26.969200143345372,22.860744203156507,48111.75,361.99020838326675,189.59408943668527,0.523754745421035,15.799507453057105,0.4921955803798084,1.2543108289219675
Track_11,11,11,12,1,0,0,0,1,12.0,0.0,12.0,138.9566128093119,585.138835774449,779.4378200891362,0.0,35.94983707166183,97.62455225752468,2.2141019965783886,14.89331981424,39.861548243814866,58309.666666666664,404.0626921321805,141.06953689262562,0.34389864621269023,11.579717734109325,0.32210765548190107,1.3093915673554988
Track_12,12,12,13,0,0,0,0,0,12.0,0.0,12.0,109.5242642650931,1618.0125524389152,616.4726492642159,0.0,28.146434984570607,57.645687726958954,6.585958522004604,29.917275750639845,17.457827034779204,48166.153846153844,337.7572198148473,109.5242642650931,0.3242692023730312,9.127022022091092,0.3242692023730312,1.7740064734365681
Track_13,13,13,12,0,0,0,0,0,11.0,1.0,12.0,95.79439130235683,436.79197570182697,887.6297966835282,0.0,24.02022590442028,43.146664386909805,9.470053156859409,24.428044033280138,11.444662653724707,40516.916666666664,264.22248494862305,128.10586606659646,0.36255200355482103,8.708581027486984,0.362552003554821,1.6239508793419997
Track_14,14,14,13,0,0,0,0,0,12.0,0.0,12.0,150.41487658906505,914.1473326271213,1035.451161059159,0.0,17.650159492671666,52.35974255485436,2.86184417128525,18.91790120142808,13.556446589758686,41323.692307692305,211.80191391206,150.41487658906505,0.7101676930620995,12.534573049088754,0.7101676930620996,1.4600427464583945
Track_15,15,15,13,0,0,0,0,0,12.0,0.0,12.0,262.06917841667325,1631.7049461707845,1121.5517606035855,0.0,28.774090287182155,117.16865761551972,0.3309992199661828,21.005453950920273,31.729111531029165,102270.76923076923,345.2890834461859,288.7790442923635,0.7589848361293975,21.839098201389437,0.7589848361293975,1.4102294122937262
Track_16,16,16,13,0,0,0,0,0,12.0,0.0,12.0,94.56004994071176,800.3791336898471,958.0294387169039,0.0,13.365550199865648,33.00117367535024,5.106637324569788,11.78951014020078,8.438340267359125,9085.153846153846,160.38660239838777,94.56004994071176,0.5895757409077849,7.880004161725981,0.5895757409077848,1.3089693848959165
Track_17,17,17,9,0,0,0,0,0,8.0,0.0,8.0,108.9033948265693,979.0709502780574,709.0666969226245,0.0,15.39791885180529,25.49823798991236,8.11438557472987,14.533938342603024,6.122403028722583,11090.666666666666,123.18335081444232,108.9033948265693,0.8840756003675879,13.612924353321162,0.8840756003675879,0.4768508739831101
Track_18,18,18,13,0,0,0,0,0,12.0,0.0,12.0,124.54206835466549,886.1584298534435,426.72282679175066,0.0,12.838684505649022,20.2562058109936,5.418013905890953,13.307442565822853,4.550909834078097,17776.69230769231,154.06421406778827,124.54206835466549,0.8083776567338796,10.378505696222124,0.8083776567338796,0.7046204098410824
Track_19,19,19,11,0,0,0,0,0,10.0,0.0,10.0,70.83483195960255,763.4026775208087,711.6863511991849,0.0,25.494722643158216,49.38210458361678,8.207850381138272,26.668809168698022,11.840692676656102,27453.454545454544,254.94722643158224,104.68261064123817,0.27784115540716353,7.083483195960255,0.27784115540716364,1.439246157154318
Track_20,20,20,13,0,0,0,0,0,12.0,0.0,12.0,130.1240017605532,862.2658304555357,772.3822843978088,0.0,24.547003338187885,54.01937209252231,6.674397809938943,23.352115664429153,13.89649378555161,33879.769230769234,294.5640400582546,155.53691323140424,0.44175114428366463,10.843666813379434,0.44175114428366463,0.9973185698491288
Track_21,21,21,12,1,0,0,0,1,12.0,0.0,12.0,108.10755917219761,1248.960209141209,577.0747107772762,0.0,25.807958513741394,50.909261552119176,10.772060166164009,23.940805218906867,11.630067572217778,56930.833333333336,294.65960381731935,108.10755917219761,0.36688965087736036,9.0089632643498,0.3490769430504546,1.3358607279702208
Track_22,22,22,13,0,0,0,0,0,12.0,0.0,12.0,276.17911803814303,329.1000960372594,1342.2369371343784,0.0,31.279757837080055,149.20437766881687,2.2180743672229513,24.811208709176086,39.21382724127596,72825.38461538461,375.3570940449607,306.5895236791128,0.7357770038710444,23.014926503178586,0.7357770038710445,1.4146784285823195
Track_23,23,23,13,0,0,0,0,0,12.0,0.0,12.0,131.80961141879115,622.5711278337271,583.0799368054195,0.0,25.112314869806895,57.96523387139126,2.1510424617151624,24.007364628055374,16.99920531967292,35489.92307692308,301.34777843768273,131.80961141879115,0.43740030904541327,10.984134284899262,0.43740030904541327,1.517681671837915
Track_24,24,24,13,0,0,0,0,0,12.0,0.0,12.0,122.4149108250759,1733.7843941916772,778.9901597780098,0.0,21.217444520686904,80.85374248910823,2.2468274331684674,17.04499681625799,21.08954768451284,67999.53846153847,254.60933424824287,129.70104458574195,0.48079506270466094,10.201242568756326,0.480795062704661,1.522604154454501
Track_25,25,25,13,0,0,0,0,0,12.0,0.0,12.0,186.63287049479075,955.4917507548233,1444.6717084662864,0.0,33.162361957275465,104.1734146175622,4.345019215602275,27.16209225276076,26.861971190650756,88453.46153846153,397.9483434873056,186.63287049479075,0.4689876803086737,15.55273920789923,0.4689876803086737,1.4745622689871742
Track_26,26,26,13,0,0,0,0,0,12.0,0.0,12.0,136.3322956796697,871.0571056231151,585.1704135200209,0.0,13.350539973659542,21.333785848857982,4.7175821533450435,13.916380979356191,4.444667510399592,18028.69230769231,160.2064796839145,136.3322956796697,0.8509786617161286,11.361024639972475,0.8509786617161286,0.39599917183160244
Track_27,27,27,9,0,0,0,0,0,8.0,0.0,8.0,194.82394953762198,628.8700426868677,953.8712634477176,0.0,49.950738013999285,104.39674304829968,4.977453416327073,40.72186527925674,43.50100150448849,50294.555555555555,399.6059041119943,194.82394953762198,0.48754021783176726,24.352993692202748,0.48754021783176726,1.2585529519011935
Track_28,28,28,11,0,0,0,0,0,10.0,2.0,12.0,95.07952024288593,1772.1933529387616,1484.35350790363,0.0,19.582200749966,51.54833736241053,4.7346322351395305,19.863463754205167,13.344789418703813,88193.18181818182,195.82200749965997,95.07952024288593,0.48554052456566216,9.507952024288594,0.48554052456566216,1.6144577961692161
Track_29,29,29,12,0,0,0,0,0,11.0,1.0,12.0,189.42810320581327,199.1182867713932,1144.9153828650733,0.0,28.772593921102146,83.68558337382574,3.1524938691854247,27.675029570450093,22.698188022485013,44586.583333333336,316.49853313212367,191.19250649756972,0.5985117887631274,17.220736655073935,0.5985117887631275,1.4237038281950567
Track_30,30,30,13,0,0,0,0,0,12.0,0.0,12.0,124.80279941650694,1400.2191856880006,778.7145820849545,0.0,23.68328795072238,86.58092966875087,3.93296349001024,19.041408991290773,21.42612196254516,74471.38461538461,284.1994554086686,128.34709355359547,0.4391380667392378,10.400233284708913,0.43913806673923783,1.9248356859005689
Track_31,31,31,13,0,0,0,0,0,12.0,0.0,12.0,204.25712455066486,1169.0205037956432,1508.8904868892266,0.0,27.90145222925815,113.52691901707837,5.439318730963215,20.37174280279161,29.85304384269791,45522.769230769234,334.81742675109786,204.25712455066486,0.6100552367679144,17.02142704588874,0.6100552367679146,1.935182397327017
Track_32,32,32,13,0,0,0,0,0,12.0,0.0,12.0,262.371403389894,384.7347891977248,1494.6453095949582,0.0,35.782627698096505,145.50507983199168,5.671514073160285,27.44776564102367,37.19285684217041,28013.923076923078,429.391532377158,268.095136465622,0.6110306878605116,21.8642836158245,0.6110306878605116,1.8881359622073206
Track_33,33,33,13,0,0,0,0,0,12.0,0.0,12.0,278.6909863867232,391.2879777196333,1075.6754681090251,0.0,28.95622397887403,103.58531704106016,6.0273714241991385,22.093326699777993,27.462496574390396,81267.38461538461,347.4746877464883,287.4943343510058,0.8020468719438103,23.224248865560266,0.8020468719438103,0.9767533173324928
Track_34,34,34,13,0,0,0,0,0,12.0,0.0,12.0,166.77238156434197,1502.1973790121442,968.2229186871864,0.0,27.431898817719677,96.37572761305442,4.171009673391386,22.885143043687254,23.489875755043396,60766.53846153846,329.1827858126362,189.12790533348962,0.50662546388214,13.897698463695164,0.5066254638821401,1.8029285267551811
Track_35,35,35,13,0,0,0,0,0,12.0,0.0,12.0,146.30999855854006,1367.5960175335304,1608.5103941005086,0.0,27.61041177802975,95.71167782271019,5.920512240773439,19.180908265788233,26.59990219204318,46631.61538461538,331.324941336357,146.30999855854006,0.44159065710060125,12.192499879878339,0.4415906571006013,1.9702514394598625
Track_36,36,36,13,0,0,0,0,0,12.0,0.0,12.0,70.28630541605213,828.8162729827903,1759.5235377783088,0.0,25.91944652716466,63.96218047814282,2.137180756421218,19.69463947187464,22.342164673991494,91822.69230769231,311.03335832597594,95.49643400988376,0.2259767434410979,5.8571921180043445,0.22597674344109792,1.2527290430994595
Track_37,37,37,12,0,0,0,0,0,11.0,1.0,12.0,5.011181080525373,1185.3783111023133,1813.6815150545963,0.0,36.915951056098265,101.29718501752303,3.0337818785611397,27.267412539662455,29.290017065458787,57313.333333333336,406.07546161708086,79.91098995441233,0.012340516860018478,0.45556191641139754,0.012340516860018478,2.076264120150141
Track_38,38,38,13,0,0,0,0,0,12.0,0.0,12.0,357.3563061219402,1514.8419913161172,1277.4422160345127,0.0,31.940919146191156,108.3889009133399,5.385525798898059,31.590646783818876,27.641406661610333,53289.0,383.2910297542939,357.3563061219402,0.9323367320936808,29.77969217682835,0.932336732093681,0.7010204438376063
Track_39,39,39,13,0,0,0,0,0,12.0,0.0,12.0,226.45717027205905,1228.8654883122597,1293.2987050152065,0.0,25.365491527163393,101.51208981031276,12.113746654489889,18.16512037168356,24.535805043101583,70414.23076923077,304.38589832596074,238.8016950949932,0.7439804915980391,18.87143085600492,0.7439804915980393,1.1396181264263197
Track_40,40,40,10,0,0,0,0,0,9.0,3.0,12.0,96.33017078208678,1872.3607623673402,1297.745965954511,0.0,28.31025142119566,56.649869833441784,9.292040679598184,21.817385644513767,16.725758835346177,60543.8,254.79226279076093,130.8922350252946,0.3780733752547051,10.703352309120753,0.378073375254705,1.7171967353184776
Track_41,41,41,3,0,0,0,0,0,2.0,0.0,2.0,127.8151907859891,773.1908312154748,1487.0607884430767,0.0,65.23470312310548,86.41876840341759,44.05063784279338,86.41876840341759,29.95879242561438,21282.333333333332,130.46940624621095,127.8151907859891,0.9796564149666395,63.90759539299455,0.9796564149666395,0.4276131939145195
Track_42,42,42,2,0,0,0,0,0,1.0,1.0,2.0,61.44811594094593,1587.6312339350638,368.80210773496503,0.0,61.44811594094593,61.44811594094593,61.44811594094593,61.44811594094593,NaN,50798.0,61.44811594094593,61.44811594094593,1.0,61.44811594094593,1.0,NaN
Track_43,43,43,8,0,0,0,0,0,7.0,5.0,12.0,39.46225307213119,255.34706496133327,1631.0905633691395,0.0,21.744560091862628,49.425996255454194,6.99211228324394,16.659447519458002,14.286519758793586,49943.125,152.2119206430384,49.425996255454194,0.2592586238017229,5.63746472459017,0.2592586238017229,2.692542362209057
Track_44,44,44,7,1,0,0,0,1,7.0,5.0,12.0,5.637197285741123,417.61725754684255,1737.3290535517688,0.0,18.845982540264885,31.070127725971545,11.831528226365789,18.656842980097423,6.615080584707714,57632.57142857143,124.90742346795511,19.486683048550116,0.04513100285978872,0.8053138979630176,0.04273132993954788,2.6423125562643826
Track_45,45,45,8,0,0,0,0,0,7.0,5.0,12.0,49.66738275131787,1717.615429125441,1778.2924397476204,0.0,47.065443109812726,96.75578889276882,11.112979203194044,29.262020553576853,35.57970840310534,73022.75,329.45810176868906,99.82149639551297,0.15075477726812467,7.09534039304541,0.15075477726812467,2.0548508629002726
Track_46,46,46,9,0,0,0,0,0,8.0,4.0,12.0,71.91753573454062,97.992223339461,989.0798535166052,0.0,14.36940667115584,25.747484036029874,4.793570868747204,16.431129557796254,8.239737284770273,50556.666666666664,114.95525336924672,71.91753573454062,0.6256133027999595,8.989691966817578,0.6256133027999595,1.6070802413610086
Track_47,47,47,6,0,0,0,0,0,5.0,5.0,10.0,27.41969128779,709.5414519872328,536.1665301687153,0.0,19.279739834512178,29.376745911262844,9.975472286493764,20.915281695296905,7.97918688921198,18966.666666666668,96.39869917256091,29.376745911262844,0.28444046987300825,5.483938257558,0.28444046987300836,2.8402576097314656
Track_48,48,48,2,0,0,0,0,0,1.0,0.0,1.0,106.92403131098678,1356.1953934053186,1133.3335279142916,0.0,106.92403131098678,106.92403131098678,106.92403131098678,106.92403131098678,NaN,21700.5,106.92403131098678,106.92403131098678,1.0,106.92403131098678,1.0,NaN
Track_49,49,49,2,0,0,0,0,0,1.0,0.0,1.0,123.08670989184898,1520.1239908060875,1223.1766574704657,0.0,123.08670989184898,123.08670989184898,123.08670989184898,123.08670989184898,NaN,28031.0,123.08670989184898,123.08670989184898,1.0,123.08670989184898,1.0,NaN
Track_50,50,50,5,0,0,0,0,0,4.0,8.0,12.0,50.73580644032487,1426.7922770035896,486.1879393762071,0.0,25.808662585938322,32.59592424541719,17.853196485731196,28.707020400030554,6.3442958742387585,36056.0,103.23465034375329,50.73580644032487,0.4914610188670522,12.683951610081218,0.4914610188670522,2.1867646757616055
Track_51,51,51,6,1,0,0,0,1,6.0,6.0,12.0,44.89805075363345,120.23542023419479,1354.2982804314677,0.0,17.795052474836417,55.59082282938439,4.129658551926938,8.514437719817957,21.523442200507024,61146.833333333336,93.10492092610903,44.89805075363345,0.4822306952955359,7.483008458938908,0.42051061493190095,2.430434093430785
Track_52,52,52,3,0,0,0,0,0,2.0,10.0,12.0,9.756650993810108,981.2466638159079,618.9237837262775,0.0,5.876912933629541,6.09356473827434,5.660261128984742,6.09356473827434,0.306391920441281,11348.666666666666,11.753825867259081,9.756650993810108,0.83008299629381,4.878325496905054,0.83008299629381,1.183993693901476
Track_53,53,53,3,0,0,0,0,0,2.0,10.0,12.0,86.05928264604843,765.8312319830403,733.0938494065773,0.0,102.13215407879196,144.96021926087064,59.30408889671326,144.96021926087064,60.56803063069462,13054.333333333334,204.2643081575839,86.05928264604843,0.4213133631728565,43.029641323024215,0.4213133631728565,3.0518253272605373
Track_54,54,54,2,0,0,0,0,0,1.0,10.0,11.0,132.61166702985605,755.4094560334331,883.0123599013456,0.0,132.61166702985605,132.61166702985605,132.61166702985605,132.61166702985605,NaN,13353.0,132.61166702985605,132.61166702985605,1.0,132.61166702985605,1.0,NaN
