 ,Mean,Mode,Min,Max,X,Y,Perim.,Major,Minor,Angle,Feret,FeretX,FeretY,FeretAngle,MinFeret
1,10.130,6.961,4.110,36.556,279.102,15.180,115.409,42.940,27.718,10.941,43.948,211,14,6.340,28.539
2,7.991,6.299,4.843,18.402,253.112,6.908,58.351,23.022,10.096,4.425,26.940,198,6,7.765,10.920
3,9.440,7.161,4.848,33.734,310.328,9.034,63.672,22.644,15.314,171.208,24.417,246,3,153.435,14.560
4,10.093,6.478,4.093,33.877,385.831,20.616,115.040,42.752,28.542,165.056,43.746,301,10,160.560,28.392
5,7.518,4.955,3.698,31.692,421.311,20.426,100.370,36.128,25.266,139.629,37.475,333,9,150.945,26.398
6,11.183,6.155,4.238,40.598,346.600,27.698,133.645,41.018,39.892,86.664,44.892,268,14,161.075,38.735
7,8.913,6.673,4.250,28.582,232.684,23.018,78.336,31.629,14.578,22.182,33.006,178,22,17.103,16.115
8,7.828,7.169,3.653,15.734,448.669,23.678,73.507,31.345,11.960,149.531,32.307,359,11,145.713,13.023
9,11.792,9.057,4.464,38.547,311.569,32.761,117.968,38.585,31.478,171.458,43.358,239,24,162.072,31.219
10,12.914,6.917,4.124,42.775,247.799,40.437,121.912,43.007,30.944,44.227,45.544,192,49,41.760,32.281
11,9.805,6.392,4.377,29.536,198.925,40.677,101.803,37.654,25.287,33.485,38.845,152,44,38.660,26.045
12,12.493,5.960,4.484,44.250,281.581,49.220,120.282,39.286,34.972,121.114,40.551,221,28,128.928,35.848
13,11.537,8.016,4.245,56.427,410.256,46.633,109.332,34.117,32.964,10.984,37.120,324,32,168.690,32.602
14,9.635,4.887,3.816,32.671,444.992,40.368,79.269,27.575,20.460,154.115,28.299,355,30,149.036,19.957
15,7.818,4.454,3.745,19.536,169.453,45.938,91.565,33.473,20.438,38.641,37.140,127,45,38.367,21.704
16,12.724,6.642,4.677,48.415,377.646,48.944,114.789,40.594,28.997,146.225,42.205,293,39,161.565,29.613
17,9.022,7.371,3.948,28.634,474.497,51.062,117.955,45.384,21.889,141.195,45.673,379,28,129.611,24.902
18,12.633,7.535,4.535,35.884,217.992,54.439,85.005,30.044,20.837,22.778,30.719,166,48,9.090,22.118
19,14.605,10.471,4.451,76.131,317.219,60.723,117.178,41.688,27.741,13.351,44.165,244,56,20.925,27.768
20,13.606,7.049,4.442,68.003,436.105,67.354,125.806,39.413,36.476,141.503,43.000,356,38,106.390,36.005
21,15.340,7.970,4.730,61.922,355.920,73.391,154.143,50.991,41.427,149.707,54.220,280,42,130.462,43.447
22,11.137,6.259,4.280,33.237,186.174,68.317,105.863,37.730,23.597,25.674,40.786,141,71,30.379,24.965
23,15.935,13.364,5.037,82.552,255.130,70.521,102.932,34.927,29.033,24.046,35.519,196,54,172.147,29.111
24,8.669,5.304,4.204,26.751,137.207,71.761,96.001,39.432,18.205,47.422,40.405,100,69,41.348,19.733
25,11.798,6.560,3.862,48.429,467.910,73.068,105.655,37.834,23.730,120.798,42.880,374,46,115.115,25.192
26,11.125,9.082,4.188,32.341,159.221,74.894,88.574,30.522,23.766,78.058,31.499,130,49,105.642,24.172
27,11.133,6.957,3.936,50.816,506.275,80.580,103.331,42.609,19.400,123.670,42.448,408,50,120.964,20.178
28,15.335,7.176,4.766,58.418,224.782,80.272,113.385,36.803,31.270,86.702,40.696,177,81,63.435,30.666
29,14.797,7.985,4.776,65.624,397.915,80.392,119.980,40.367,33.292,32.267,43.443,312,76,35.910,35.213
30,15.961,10.414,4.470,75.247,283.419,84.705,118.260,39.032,32.318,20.008,43.847,214,71,14.421,32.759
31,12.732,6.311,4.572,56.930,487.760,93.746,116.705,36.396,27.552,88.975,42.897,404,57,98.130,30.862
32,11.627,4.803,3.604,44.500,194.436,88.631,110.024,39.578,24.342,2.608,41.890,141,72,169.992,27.625
33,19.598,16.024,5.206,128.290,317.732,86.036,97.855,34.597,24.705,168.338,34.489,249,63,140.711,26.035
34,15.270,7.695,4.600,59.245,430.428,95.710,104.754,38.503,23.610,154.859,41.502,339,76,164.745,25.234
35,17.834,12.303,4.875,63.386,457.611,93.012,75.664,27.091,19.926,137.532,27.668,366,73,164.745,19.733
36,10.258,5.601,4.615,43.455,137.995,100.248,120.877,44.912,28.672,17.840,47.999,96,90,16.144,30.541
37,7.644,5.598,4.319,17.684,108.676,99.710,67.505,27.778,11.606,57.047,28.299,84,91,59.036,13.023
38,17.934,6.495,5.020,73.700,251.331,100.871,117.494,43.877,25.887,172.314,46.170,187,83,176.987,27.010
39,20.628,10.990,6.066,99.436,343.491,105.468,101.926,31.553,31.246,179.339,34.531,276,74,108.435,31.124
40,11.728,6.712,4.272,38.035,530.502,111.478,96.951,39.838,14.256,119.284,40.786,432,75,120.379,14.954
41,18.221,8.210,4.887,78.842,376.582,119.613,169.198,50.015,46.845,140.994,58.289,284,105,2.386,47.555
42,14.197,6.653,4.543,55.969,162.588,117.787,111.357,37.397,27.065,90.290,42.483,136,78,91.637,29.721
43,17.855,7.281,3.978,66.613,310.989,105.685,82.234,29.955,19.648,160.170,31.194,244,82,166.504,21.102
44,19.463,8.364,5.614,61.932,410.749,111.266,101.372,35.783,25.824,139.945,37.905,325,83,140.194,26.847
45,14.597,6.551,5.119,54.007,185.824,108.731,91.014,30.314,23.620,164.956,32.375,141,81,167.005,24.033
46,12.646,8.147,4.909,55.145,513.912,119.170,114.847,45.103,23.979,113.200,45.737,415,81,111.801,24.023
47,14.899,8.281,4.757,83.214,211.468,116.379,109.549,40.602,25.113,46.498,41.749,158,103,35.538,25.843
48,19.087,9.411,4.855,80.098,288.927,118.837,123.500,44.017,28.913,140.129,45.430,227,84,124.114,30.247
49,21.844,14.404,4.981,135.380,468.758,116.305,75.557,25.753,19.942,102.828,28.299,380,87,120.964,19.413
50,16.855,10.386,4.091,96.184,444.729,119.402,109.986,35.357,26.082,178.098,38.540,350,103,28.179,28.216
51,17.299,9.824,5.530,93.464,489.541,123.972,90.701,31.389,22.751,114.904,34.744,395,89,114.775,25.234
52,16.929,9.390,4.741,62.791,240.692,124.906,116.528,41.616,28.555,6.328,45.673,180,108,16.991,28.524
53,12.936,7.060,5.206,43.178,103.210,129.725,103.995,35.426,28.201,58.007,37.691,77,119,56.821,29.721
54,16.825,7.782,4.406,73.545,324.036,132.019,118.392,37.326,35.101,29.906,41.502,251,115,15.255,35.914
55,12.997,7.307,4.259,66.685,132.700,131.299,111.294,35.317,31.896,28.073,39.799,94,117,37.569,32.405
56,14.935,7.160,4.445,70.637,272.232,138.911,112.229,38.677,28.302,167.411,42.535,208,115,176.730,30.286
57,17.156,11.797,4.839,74.685,183.553,136.979,88.755,29.428,24.713,42.238,30.933,139,115,11.310,23.955
58,16.506,6.764,4.232,80.478,412.480,143.075,114.002,36.850,29.196,112.378,42.065,333,104,123.232,30.538
59,12.661,4.468,4.129,62.003,541.238,142.557,93.650,36.355,18.973,107.369,37.456,439,105,114.905,21.972
60,18.758,14.752,5.041,63.533,441.963,145.726,120.184,37.125,32.160,147.914,44.646,351,106,137.203,32.087
61,15.703,8.484,4.444,87.194,476.228,152.078,132.974,47.427,33.751,113.257,51.017,382,106,115.346,35.270
62,8.350,5.634,4.573,24.688,78.572,144.733,71.668,28.590,11.145,57.757,32.307,55,130,55.713,12.901
63,18.950,9.610,4.316,112.731,354.535,150.704,123.713,38.353,35.823,138.898,42.897,274,124,8.130,36.784
64,14.392,7.582,3.555,53.853,509.749,153.362,117.106,44.261,25.408,125.145,45.785,414,109,122.005,27.442
65,19.582,10.092,5.254,104.347,205.933,155.150,122.497,43.940,30.031,91.036,44.745,166,110,102.529,31.603
66,13.756,6.371,4.140,49.833,153.642,152.750,108.297,38.860,28.072,53.091,39.614,115,138,49.970,27.454
67,10.049,6.646,4.770,32.221,557.732,155.298,87.053,31.086,14.471,105.738,35.931,454,111,101.689,18.508
68,16.149,7.071,3.986,72.655,235.916,151.778,114.083,37.343,29.563,161.215,40.696,180,112,153.435,28.433
69,12.654,8.558,4.624,44.117,529.312,152.524,71.715,29.029,12.655,116.709,28.429,427,117,140.194,12.480
70,20.329,8.046,5.295,133.344,301.414,163.661,131.832,46.579,34.124,89.330,47.567,246,116,95.856,36.399
71,12.840,6.118,4.652,37.281,122.607,158.965,97.763,34.587,25.525,140.393,34.997,88,123,146.310,26.596
72,19.057,10.231,5.159,94.699,386.147,164.483,124.517,42.399,33.642,84.501,44.514,313,154,72.553,33.380
73,12.288,8.092,5.064,49.355,83.635,165.058,115.923,48.208,20.179,54.805,48.532,59,154,53.130,21.602
74,17.004,8.780,4.613,73.445,175.521,174.149,137.171,45.804,36.624,57.309,51.031,132,162,61.607,37.905
75,19.037,8.639,4.729,110.087,330.325,176.112,133.037,48.986,30.993,87.611,50.684,270,124,101.041,31.781
76,19.150,9.521,4.739,89.163,266.120,170.438,126.087,40.102,37.018,19.728,42.466,204,149,36.870,37.983
77,13.159,8.498,4.896,44.134,99.490,176.809,102.098,37.952,23.261,49.826,37.377,80,161,76.866,22.371
78,20.681,16.551,5.095,111.736,415.733,179.746,122.477,40.112,33.457,104.512,43.034,334,132,130.426,35.154
79,19.255,8.683,4.268,102.556,449.320,182.411,156.665,51.147,31.699,106.593,61.317,355,134,117.072,36.558
80,11.867,8.632,4.701,56.318,546.253,184.056,128.579,48.256,26.335,103.967,50.684,445,133,101.041,27.714
81,11.793,8.687,5.227,27.650,61.290,178.887,76.660,31.000,12.576,66.196,34.339,42,159,57.995,14.108
82,17.035,9.109,4.770,61.731,502.227,183.110,110.151,39.040,27.462,106.846,41.890,409,134,100.008,28.827
83,12.423,5.880,4.215,38.322,570.255,183.458,93.155,36.845,19.636,110.422,36.500,467,136,105.422,20.503
84,22.089,22.769,5.012,96.848,230.170,179.720,96.189,29.311,28.713,1.789,32.556,188,163,63.435,28.312
85,14.004,7.111,4.370,65.396,141.784,189.933,125.724,39.424,33.280,84.562,44.909,101,171,51.582,34.293
86,21.581,11.469,5.345,100.353,358.854,187.760,117.208,39.421,30.715,36.725,42.466,281,168,53.130,32.464
87,15.466,5.430,4.818,109.285,526.379,189.974,92.621,37.082,18.854,102.709,37.924,431,142,97.352,19.413
88,19.454,10.835,4.659,81.778,476.390,194.700,118.060,40.209,31.232,92.185,41.837,388,143,106.858,32.229
89,13.209,5.947,4.748,45.675,115.073,191.290,94.670,31.126,23.726,57.574,34.701,80,163,36.469,25.477
90,16.974,6.680,4.723,63.647,210.443,198.526,124.666,46.508,28.091,115.306,46.834,165,146,106.557,28.758
91,24.376,10.831,4.736,120.313,283.263,199.132,111.213,35.605,31.586,67.768,36.981,224,176,41.009,33.253
92,21.097,7.128,4.969,90.007,251.385,205.331,134.235,45.851,32.826,129.722,48.850,203,150,104.381,34.487
93,18.921,7.362,4.678,96.290,391.394,207.964,139.376,43.373,41.184,98.304,47.876,321,192,81.254,41.715
94,10.178,7.426,3.832,36.113,57.603,209.488,120.545,44.402,24.484,71.327,50.698,43,193,68.962,26.396
95,22.254,9.582,5.434,130.352,307.937,207.853,115.709,43.099,24.571,73.760,46.503,252,192,82.504,25.646
96,12.807,7.418,4.919,49.033,80.591,204.299,99.359,35.392,21.978,60.250,38.617,56,183,43.727,24.324
97,19.702,8.730,5.565,100.878,185.469,208.056,121.701,44.069,27.136,140.337,47.799,133,166,156.038,29.084
98,19.690,8.783,4.585,169.934,435.491,213.266,127.468,46.247,31.207,148.486,48.487,341,166,148.299,31.296
99,11.163,7.739,3.871,46.000,566.558,215.124,106.384,35.654,28.914,122.314,38.769,462,162,110.136,30.310
100,18.594,8.598,4.752,68.284,517.338,212.456,80.922,31.178,17.494,116.578,31.546,422,164,112.620,17.835
101,14.217,13.492,4.374,60.621,102.565,214.267,89.525,28.736,25.504,42.268,31.076,80,190,51.340,24.880
102,18.598,9.547,4.353,80.337,327.316,226.432,136.610,50.359,29.887,73.383,53.344,265,208,72.801,31.208
103,17.483,7.292,4.520,79.225,500.526,217.880,93.616,34.786,19.990,128.955,36.074,407,166,132.274,21.112
104,23.010,8.111,4.717,197.797,356.762,214.235,96.849,32.679,23.344,9.395,35.186,284,187,43.603,22.478
105,17.699,8.331,5.027,72.708,170.798,230.747,146.340,54.361,31.894,127.501,56.403,130,168,108.825,33.130
106,16.568,21.154,4.775,59.588,538.431,219.568,84.920,29.019,23.124,84.747,31.639,441,194,85.601,24.082
107,15.573,7.999,4.591,74.398,134.426,226.059,132.675,41.133,37.640,126.523,44.745,101,200,49.399,39.913
108,21.746,11.067,5.535,86.459,235.553,229.237,120.010,40.050,30.514,137.600,43.746,177,183,160.560,29.142
109,18.241,8.403,4.784,128.318,477.153,231.740,126.739,43.719,33.698,149.492,46.503,375,188,172.504,34.318
110,18.944,11.490,4.521,87.491,280.223,238.014,148.173,45.690,39.875,60.588,49.923,222,217,64.058,40.899
111,11.445,6.153,4.733,60.633,39.863,235.351,88.167,35.058,15.665,74.609,38.099,29,210,80.838,16.882
112,12.000,5.926,3.851,59.765,83.753,229.856,78.701,24.472,22.595,105.353,28.011,65,201,72.350,22.192
113,20.296,8.858,4.835,113.237,415.744,238.195,131.864,45.130,34.056,162.654,48.850,321,193,165.619,35.670
114,18.371,8.270,4.428,89.959,214.020,246.665,146.231,54.929,30.302,134.680,57.795,160,190,140.964,32.337
115,16.357,6.966,4.755,71.333,107.975,241.253,92.279,29.092,25.256,101.845,32.961,91,184,96.340,24.748
116,18.404,7.615,4.551,87.105,362.443,240.112,134.312,48.841,32.352,14.971,53.067,278,202,10.539,33.134
117,12.279,6.325,4.248,40.918,63.861,242.398,94.663,31.094,23.871,73.412,37.219,47,215,70.974,24.994
118,9.203,6.283,4.462,48.844,562.099,244.815,126.754,47.419,26.760,138.208,49.805,442,194,145.923,28.878
119,10.106,6.325,4.121,40.521,589.428,240.880,87.891,32.154,22.152,124.729,33.117,480,186,118.443,22.756
120,18.599,12.210,4.754,61.731,452.033,248.483,107.403,37.562,27.096,112.543,39.297,373,189,98.881,26.827
121,18.354,12.039,5.874,96.065,520.684,244.704,112.546,36.875,31.108,163.108,41.537,412,196,173.290,32.759
122,21.554,9.761,5.018,102.160,252.723,256.517,100.942,32.542,29.202,86.534,35.018,204,224,75.964,29.427
123,17.458,10.403,3.851,94.518,304.974,256.401,103.803,34.071,29.377,52.446,36.581,250,226,84.289,29.170
124,20.948,8.174,4.689,141.965,390.337,264.435,139.355,49.732,29.171,100.089,55.029,320,197,104.036,33.345
125,13.892,7.036,4.127,63.699,88.556,254.450,76.990,28.337,17.793,84.380,32.124,71,224,79.114,19.413
126,19.051,8.522,5.647,69.665,156.138,257.241,99.044,30.549,27.794,50.985,35.519,123,227,82.147,28.185
127,17.172,9.451,4.729,66.723,498.252,263.189,110.885,41.706,24.269,94.833,44.909,410,235,88.452,25.602
128,17.073,8.483,4.504,62.713,47.171,258.200,69.097,25.534,16.517,80.345,27.668,35,223,74.745,16.986
129,16.496,7.197,4.231,84.154,130.753,264.865,119.202,43.313,27.220,95.680,43.034,101,236,68.499,26.492
130,14.082,7.749,4.343,74.089,544.126,269.658,127.725,45.710,30.508,90.811,49.982,446,201,95.572,32.599
131,18.903,7.164,4.267,169.036,337.441,266.298,110.939,39.797,27.364,110.009,41.537,277,203,96.710,29.170
132,17.464,8.108,4.641,109.039,191.339,266.569,105.996,32.569,30.732,36.888,36.841,149,234,72.759,31.501
133,12.291,5.076,4.224,43.847,71.558,275.262,123.133,46.102,25.695,88.561,51.505,53,247,74.982,26.662
134,21.376,15.396,5.071,97.817,434.612,267.914,84.999,29.839,21.671,85.211,31.848,352,232,72.255,21.840
135,15.599,6.817,4.443,114.944,475.708,275.016,128.899,49.567,26.810,93.645,50.684,390,248,78.959,27.464
136,10.299,8.208,4.444,34.094,592.527,274.093,114.158,42.325,25.686,111.268,46.201,480,209,113.199,26.181
137,15.323,8.573,4.479,58.221,103.184,276.239,120.202,41.421,31.721,63.226,43.493,81,245,67.011,33.627
138,19.482,8.793,5.312,124.155,413.446,272.911,98.353,37.228,21.952,80.929,38.079,334,239,59.349,22.372
139,19.309,7.200,5.309,198.939,364.336,275.283,105.604,35.608,27.951,100.233,36.721,299,212,97.595,30.247
140,11.951,5.759,4.542,37.332,30.026,279.282,94.773,36.929,15.988,75.722,41.056,18,245,71.030,16.556
141,17.349,7.758,4.416,85.878,283.620,283.191,138.113,46.974,34.795,128.249,52.186,213,224,144.462,36.891
142,15.069,5.996,4.345,81.218,516.668,278.377,93.040,35.097,20.134,63.277,36.196,415,240,50.440,21.956
143,19.976,10.539,5.317,121.565,165.636,279.894,95.712,29.785,27.248,49.056,34.253,132,243,67.068,26.869
144,12.701,5.139,4.023,85.675,321.152,298.853,170.155,63.315,35.021,105.746,67.390,264,217,103.536,38.197
145,11.299,5.865,3.480,38.358,569.347,283.687,105.764,38.122,24.535,96.779,42.673,463,218,104.826,27.241
146,18.161,10.687,5.375,106.111,223.782,295.288,178.149,62.779,41.978,99.019,66.467,174,220,111.413,45.177
147,20.685,9.680,5.378,205.621,450.762,294.006,137.490,53.752,25.107,75.771,55.442,358,263,66.801,28.147
148,16.001,7.590,5.098,80.148,50.452,289.150,109.477,41.434,22.528,96.260,44.497,40,257,78.996,23.894
149,23.824,12.374,6.656,133.946,254.519,287.790,89.667,29.409,25.239,101.568,31.546,203,249,67.380,25.503
150,14.925,6.679,4.486,90.861,142.236,300.823,119.991,40.334,31.321,86.077,44.098,115,266,82.093,33.598
151,20.498,11.430,5.159,158.057,190.358,297.103,96.482,30.998,27.633,104.329,33.117,144,241,151.557,27.241
152,24.205,9.890,5.496,95.480,427.294,298.272,100.718,34.162,24.800,75.192,37.377,344,258,54.246,26.693
153,18.869,7.801,4.556,155.624,384.833,302.143,113.971,37.076,27.957,118.182,43.358,313,234,107.928,30.623
154,15.389,6.782,4.443,56.516,528.868,303.384,105.228,38.345,25.370,84.207,39.297,435,234,98.881,27.832
155,16.318,7.276,4.429,73.838,488.613,302.454,95.554,37.860,18.961,57.962,37.905,392,260,50.194,20.536
156,21.110,12.509,4.855,150.001,353.921,303.710,107.889,38.826,26.938,131.595,42.466,280,238,126.870,29.301
157,15.031,9.015,4.930,115.006,112.112,309.062,117.957,42.528,29.309,65.982,44.892,87,272,71.075,30.333
158,13.257,7.905,4.612,55.701,83.000,314.137,133.827,48.887,29.292,92.888,52.299,68,239,93.991,32.759
159,11.188,8.390,3.857,38.499,586.955,307.491,96.726,33.564,24.515,80.093,36.196,481,239,103.570,24.556
160,20.562,9.740,6.239,84.170,406.522,308.806,87.682,35.164,17.270,86.884,35.374,334,240,95.906,18.200
161,13.108,8.043,4.616,88.154,553.916,314.494,127.266,43.037,33.404,66.440,45.300,452,277,82.304,35.299
162,17.484,8.224,4.324,73.187,505.093,316.350,115.440,43.057,25.205,77.806,44.958,414,278,86.906,27.710
163,9.775,6.437,3.816,57.510,32.173,313.423,111.561,38.977,28.180,78.236,43.746,19,276,70.560,29.119
164,18.170,8.834,4.553,150.693,167.219,312.280,99.431,35.248,25.046,80.518,37.671,134,272,75.069,26.433
165,18.712,8.218,4.660,170.243,260.889,326.158,169.824,58.247,45.405,66.275,61.509,210,293,75.141,47.319
166,7.992,4.756,3.954,31.334,605.482,315.696,91.783,35.703,18.374,84.878,35.931,495,274,78.311,20.857
167,14.759,6.666,4.510,62.604,460.410,321.838,118.493,48.893,19.666,61.882,51.491,367,284,55.561,21.064
168,9.365,6.014,3.455,80.536,60.108,321.762,90.811,32.366,21.369,97.906,35.931,47,279,78.311,21.482
169,17.413,6.576,3.940,83.307,297.296,323.277,111.833,39.906,28.041,103.797,40.696,234,253,116.565,29.000
170,18.320,8.385,4.713,103.683,199.034,322.997,104.473,37.963,23.107,158.217,39.614,149,257,139.970,25.963
171,23.149,12.587,5.976,141.362,380.024,328.456,90.366,32.825,21.070,115.380,35.684,306,258,107.819,22.546
172,22.337,14.593,7.867,118.941,421.835,324.379,70.076,23.331,19.442,30.481,25.966,339,274,37.405,20.076
173,13.888,7.601,4.121,88.969,125.920,333.430,94.224,32.616,24.251,67.557,34.744,101,289,77.905,26.474
174,15.718,6.569,4.289,94.106,357.535,333.144,117.777,46.791,20.910,145.488,49.805,280,264,145.923,23.332
175,15.992,7.940,4.495,81.175,475.169,335.467,104.709,40.775,21.467,54.385,40.387,384,292,57.265,21.608
176,11.258,7.882,4.087,34.932,568.073,339.571,116.751,44.622,23.943,53.684,46.329,456,295,45.000,27.147
177,17.316,8.991,5.389,85.555,148.417,338.561,101.958,36.683,24.730,77.760,37.924,121,264,97.352,23.999
178,20.932,14.137,7.202,71.758,438.357,333.250,74.467,27.645,17.153,78.638,27.373,361,286,77.196,18.875
179,8.920,6.248,3.595,31.312,39.391,344.990,121.452,38.046,32.909,59.553,44.115,20,297,58.496,33.973
180,29.785,10.881,7.976,107.143,399.320,334.218,64.373,22.212,16.961,57.830,24.083,322,283,40.914,17.348
181,11.556,5.100,3.827,42.173,520.528,338.754,103.856,38.746,23.268,45.506,41.217,417,292,47.386,24.022
182,16.021,6.562,4.393,163.052,183.229,354.872,189.144,62.332,51.842,8.696,65.922,125,299,6.340,54.803
183,9.932,6.972,3.793,64.068,590.039,341.507,81.969,30.787,18.812,69.984,31.848,481,294,72.255,19.568
184,12.517,5.094,4.016,65.350,104.115,346.343,109.007,38.536,24.903,129.514,41.907,80,270,112.109,27.463
185,17.659,6.962,5.274,128.761,224.727,341.341,88.893,29.481,24.859,85.939,31.639,180,294,57.529,25.936
186,18.840,10.163,4.994,103.016,335.089,356.259,212.306,73.909,47.905,172.155,80.427,249,306,11.310,51.635
187,6.153,4.632,3.630,24.147,608.452,346.270,84.425,32.659,16.127,92.785,33.994,505,300,87.955,16.986
188,14.027,11.375,4.399,62.953,490.152,351.167,113.383,34.389,26.108,40.802,41.252,385,295,28.072,26.345
189,10.860,5.377,3.739,59.641,71.110,348.488,95.555,29.773,26.693,138.860,34.167,59,275,96.116,25.867
190,20.624,7.968,5.665,96.365,416.975,344.638,78.583,27.300,21.284,177.000,28.142,332,287,7.431,21.792
191,12.124,5.620,3.619,96.790,539.685,349.869,92.194,32.318,22.677,53.201,35.436,436,301,51.953,25.178
192,16.962,7.364,4.994,115.289,284.168,357.370,122.109,41.001,32.549,9.491,43.746,215,298,19.440,34.148
193,20.062,11.195,6.063,120.297,450.688,357.848,93.898,32.619,26.088,159.440,33.842,357,291,165.466,26.596
194,14.860,7.105,4.448,84.452,133.207,367.222,113.728,38.421,32.003,172.551,39.297,94,302,171.119,32.759
195,14.393,8.456,4.498,92.607,92.509,371.316,115.637,35.646,34.704,143.758,39.521,62,313,17.879,33.788
196,9.848,6.915,4.129,40.707,570.674,367.464,88.718,31.865,21.352,60.914,35.829,462,316,61.699,23.788
197,7.061,5.009,3.315,33.236,591.147,370.760,106.061,40.747,21.298,60.160,41.837,476,320,60.461,23.561
198,12.637,9.670,4.394,67.219,60.554,372.907,100.438,35.131,26.250,105.724,36.500,45,292,105.422,27.828
199,15.528,9.111,5.351,63.688,509.602,373.544,122.139,41.044,33.885,48.035,43.205,404,315,38.157,36.033
200,12.545,9.066,4.811,39.394,542.584,380.625,128.189,43.319,34.399,63.204,46.440,436,328,56.725,35.018
201,21.319,9.117,6.165,122.427,475.623,368.671,61.040,20.569,17.678,172.462,21.974,383,302,173.660,18.200
202,9.814,9.237,3.946,64.144,36.567,377.235,95.026,34.732,23.583,111.515,36.013,21,298,122.619,23.247
203,6.687,4.163,3.073,29.635,606.270,381.392,74.535,29.981,15.317,74.200,31.194,497,327,76.504,15.736
204,22.582,10.703,7.584,101.525,568.893,389.448,49.236,15.937,14.936,94.384,17.244,463,316,140.711,14.560
205,7.611,4.811,3.618,50.627,589.093,399.856,81.257,26.557,24.138,169.577,28.011,474,326,162.350,24.880
